title,press,journalist,time,body,url
스벅 ‘탱크데이’ 직격탄…일주일만에 결제액 84억 줄었다,동아일보,김예슬 기자,2026.05.27. 오후 3:00,불매운동에 주간 결제액 26% 급감 스타벅스가 다음 달 1일부터 14일까지 2주간 충전 금액 사용 비율 조건과 관계없이 고객이 요청할 경우 한시적으로 환불을 지원한다. 스타벅스 카드를 보유한 고객이면 누구나 해당 기간 중 스타벅스 모바일 앱을 통해 환불 신청할 수 있다. 신청 후 7영업일 이내에 지정 계좌 등으로 지급된다. 사진은 27일 오후 서울 시내 한 스타벅스 매장. 2026.05.27 뉴시스 스타벅스 ‘탱크 데이’ 이벤트 논란 이후 스타벅스코리아의 신용·체크카드 결제 추정액이 84억 원 넘게 급감했다. 최근 스타벅스 선불카드의 잔액을 돌려 받으려는 등의 불매 움직임이 영향을 끼친 것으로 보인다. 27일 AI 테크 기업 아이지에이웍스의 모바일인덱스에 따르면 18일부터 24일까지의 스타벅스 주간 결제금액이 전주 대비 26.3% 줄었다. 그 전주인 11~17일 결제 금액 321억6000만 원에 비해 약 84억7000만 원이 줄어든 것이다. 스타벅스의 정확한 매출 감소액은 파악되지 않았다. 모바일인덱스의 데이터는 카드 결제 금액만 반영되기 때문이다. 다만 신세계그룹 측은 26일 “굉장히 많은 매출 감소가 있다”고 언급했다. 스타벅스코리아는 5·18 민주화운동 기념일인 18일 ‘탱크 데이’ 이벤트를 진행해 거센 후폭풍을 맞고 있다. 마케팅 문구 등이 5·18 민주화운동과 박종철 열사 고문치사사건을 조롱했다는 지적이 잇따르면서다. 이에 정용진 신세계그룹 회장은 26일 서울 강남구 조선팰리스에서 직접 대국민 사과문을 낭독하는 등 사태 수습에 심혈을 기울이고 있다.,https://n.news.naver.com/mnews/article/020/0003722581
메가·투썸도 60% 써야 환불…공정위 손보나,SBS Biz,이정민 기자,2026.05.27. 오전 11:53,"[앵커] 민주화 운동 폄하 마케팅 논란에 휩싸인 스타벅스가 어제 정용진 신세계그룹 회장의 대국민 사과에 이어서 환불 규정까지 한시적으로 손질했습니다. 선불 충전금액의 60%를 써야 나머지를 환불받을 수 있는 기준을 없앤 건데, 이와 관련해서 아예 해당 표준약관 자체를 바꿔야 한다는 목소리가 커지고 있습니다. 이정민 기자, 현재는 대부분 브랜드들이 60% 기준을 쓰고 있죠? [기자] 스타벅스와 같은 카페업계 선불카드 환불 기준을 보면 메가커피와 투썸플레이스 모두 충전액의 60% 이상을 써야 환불이 가능합니다. 기프티콘 같은 모바일 상품권도 액면가의 60%를 써야 하고, 1만 원 이하 상품권이라면 80% 이상을 써야 남은 금액을 환불받을 수 있습니다. 백화점 3사 상품권, 배달의민족 이용권도 마찬가지입니다. [앵커] 이번 논란을 계기로 공정위도 약관을 들여다보고 있다면서요? [기자] 그렇습니다. 업체들이 같은 기준을 적용하고 있는 건 공정위가 모바일과 같은 '신유형 상품권'에 적용하는 표준 약관에 따른 겁니다. 다만 표준약관은 권고이지 강제성은 없어서 업체 재량껏 기준을 운용할 수 있습니다. 관련해 공정위 관계자는 ""스타벅스뿐 아니라 상품권을 쓰는 업체들의 현황을 파악하고 문제가 있는지 들여다보고 있다""라고 설명했습니다. SBS Biz 이정민입니다. 당신의 제보가 뉴스로 만들어집니다. SBS Biz는 여러분의 제보를 기다리고 있습니다. 홈페이지 = https://url.kr/9pghjn",https://n.news.naver.com/mnews/article/374/0000512447
"""계열사 대출, 더 낮은 금리로 갈아타게""…우리은행, 금융 취약계층에 대환 지원",TV조선,서영일 기자,2026.05.27. 오후 2:09,"우리은행이 계열사 고금리 신용대출 이용 고객을 위한 대환 전용 상품을 출시했다. 27일 우리은행은 우리금융그룹 계열사 고금리 신용대출 이용 고객의 금융비용 부담을 낮추기 위해 대환 전용 상품인 ‘우리 WON Dream 갈아타기 대출’을 출시했다고 밝혔다. 상품은 우리카드·우리금융저축은행·우리금융캐피탈에서 대출을 이용 중인 고객이 우리은행의 상대적으로 낮은 금리 상품으로 갈아탈 수 있도록 설계됐다. 대출 한도는 최대 2,000만 원이며, 금리는 최저 연 4%대 중반부터 적용되고 최고금리는 연 7% 이내이다. 우리은행은 관계자는 ""최장 10년까지 상환할 수 있는 혼합형 분할 상환 방식을 도입해 매월 갚아야 하는 원리금 부담을 낮췄다""고 설명했다. 특히 △청년 △고령자 △장애인 △기초생활수급자 △차상위계층 등 사회적 배려 대상 고객과 CB 7구간 이하 포용금융 고객에게는 우대금리도 제공한다. 우리금융그룹 계열사의 고금리 신용대출을 이용 중인 고객 가운데 △연 소득 3,500만 원 이하 근로소득자 △프리랜서 등 비임금근로자 △주부 등이 신청할 수 있다. 신청은 우리은행 모바일 앱 ‘우리WON뱅킹’ 내 포용금융 통합 서비스 ‘우리 포용금융 36.5도’를 통해 비대면으로 가능하다.",https://n.news.naver.com/mnews/article/448/0000614783
"임광현 국세청장 ""체납관리단 80일간 100억 원 징수...투입 예산 두 배""",YTN,이지은 기자,2026.05.27. 오후 3:27,"국세청이 예산 42억 원을 들여 500명 규모로 가동한 체납관리단을 통해 80일 만에 100억 원에 가까운 체납 국세를 거둬들였습니다. 국세청은 500명 규모 국세 체납관리단이 지난 3월 5일부터 전화·방문 실태확인 3만 6천여 건을 수행한 결과 체납액 99억 7,700만 원을 징수했다고 밝혔습니다. 임광현 국세청장은 오늘 오전 열린 전국 세무관서장 회의에서 체납관리단 확대 운영과 준비사항을 논의하고, 예산 투입 두 배 이상의 실적을 달성했다면서 추적조사를 하면 징수 실적이 크게 증가할 것으로 기대된다고 말했습니다. 국세청은 하반기에 관리단 9천500명을 추가로 선발해 총 130조 원에 달하는 국세·국세외수입 체납 관리에 속도를 낼 계획입니다. ※ '당신의 제보가 뉴스가 됩니다' [카카오톡] YTN 검색해 채널 추가 [전화] 02-398-8585 [메일] social@ytn.co.kr",https://n.news.naver.com/mnews/article/052/0002358587
"GC녹십자, 美 백신 자회사 큐레보 4599억에 매각…백신·희귀질환 투자 확대",서울경제,이정민 기자,2026.05.27. 오전 9:20,"릴리, 차세대 대상포진 백신 후보물질 ‘CRV-101’ 권리 확보 최대 15억달러 규모 거래…마일스톤·CMO·로열티 수익 기대 프리미엄 백신·희귀의약품 개발에 확보 자금 활용 예정 GC녹십자 본사 전경. 사진 제공=GC녹십자 GC녹십자(006280)가 미국 관계사 큐레보(Curevo)를 글로벌 제약사 일라이 릴리에 매각한다. 확보한 자금은 프리미엄 백신과 희귀질환 치료제 등 미래 성장 사업 투자에 활용할 계획이다. GC녹십자는 보유 중인 큐레보 지분 2107만5336주 전량을 릴리에 양도한다고 27일 밝혔다. 양도 금액은 약 4599억 원(3억 392만 달러) 규모다. 양도 예정일은 오는 8월 24일이다. 큐레보는 GC녹십자가 2018년 미국 시애틀에 설립한 대상포진 백신 개발 기업이다. GC녹십자는 현재 큐레보 지분 20.3%를 보유하고 있다. 이번 계약에 따라 릴리는 큐레보가 개발 중인 차세대 대상포진 백신 후보물질 ‘아메조스바테인(amezosvatein·개발명 CRV-101)’에 대한 권리를 확보하게 된다. 릴리는 이날 별도 발표를 통해 큐레보 전체 인수 규모가 최대 15억 달러라고 밝혔다. 거래 종결 시 계약금(upfront payment)을 지급하고, 향후 상업화 과정에서 일정 조건을 충족하면 마일스톤을 추가 지급하는 구조다. GC녹십자는 보유 지분율 20.3%에 비례한 계약금을 거래 종결과 동시에 수령하게 되며, 해당 금액은 향후 당기순이익에 반영될 예정이다. 아메조스바테인은 글로벌 임상 2상에서 GSK의 대상포진 백신 ‘싱그릭스(Shingrix)’와 직접 비교(Head-to-head) 임상을 진행했다. 회사 측에 따르면 주요 면역원성 지표에서 비열등성을 확인했으며, 피로감·오한·주사 부위 통증 등 내약성 측면에서는 개선 가능성을 보였다. GC녹십자는 이번 거래를 통해 △큐레보 지분 매각 대금 △향후 마일스톤 분배금 △위탁생산(CMO) 매출 △매출 기반 로열티 등 다각화된 중장기 수익 구조를 확보하게 됐다고 설명했다. 허은철 GC녹십자 대표는 “이번 거래는 큐레보 설립 초기부터 이어온 연구개발 투자와 협력 전략이 그 가치를 인정받은 결과”라며 “단순 투자비 회수를 넘어 잠재적인 향후 사업들을 통해 안정적인 현금흐름 구조를 확보했다는 점에서 의미가 있다”고 강조했다. 이어 “앞으로도 글로벌 시장을 겨냥한 차별화된 자산 개발과 전략적 투자를 지속 확대해 나갈 것”이라고 덧붙였다. GC녹십자는 이번 매각 대금을 피하주사형 면역글로불린(SCIG), 프리미엄 백신, 혁신 희귀의약품 개발 등에 활용할 계획이다.",https://n.news.naver.com/mnews/article/011/0004624838
"금융위원장 ""기업가치 제고 공시, 경영의 나침반 돼야""",연합뉴스,이민영 기자,2026.05.27. 오전 10:55,"정은보 거래소 이사장 ""고배당 기업 중심 공시 참여 확대…밸류업 지수 수익률 시장 상회"" 전문가들 ""밸류업 공시 활성화 위해 특례상장기업 맞춤형 공시 등 필요"" 정은보 한국거래소 이사장 촬영 이민영 (서울=연합뉴스) 이민영 기자 = 이억원 금융위원장은 27일 시행 2주년을 맞는 밸류업(기업가치 제고) 프로그램과 관련, 기업가치 제고 계획 공시가 단순 공시를 넘어 기업 경영의 상식으로 자리 잡아야 한다고 말했다. 이 위원장은 이날 한국거래소 서울사옥에서 열린 기업가치 제고 우수기업 시상식 및 세미나에서 축사를 통해 이같이 밝혔다. 이 위원장은 ""기업가치 제고 계획 공시가 시작된 지 어느덧 2년이 됐는데, 그동안 시장의 변화는 결코 작지 않았다""며 ""시가총액 기준으로 전체 시장의 80%가 넘는 기업들이 공시에 참여했다""고 말했다. 이어 ""기업가치 우수기업으로 구성된 밸류업지수 수익률은 코스피 수익률을 크게 상회했고 연계 ETF(상장지수펀드) 순자산총액도 크게 증가했다""고 평가했다. 그러면서 ""물론 아직 갈 길은 남아 있지만 분명한 것은 시장은 이미 변화를 감지하고 있고 투자자들은 행동하는 기업들을 알아보고 있다는 점""이라며 ""이제 중요한 것은 제도의 확산을 넘어 기업가치 제고가 기업 경영의 상식으로 자리 잡는 것""이라고 강조했다. 이 위원장은 ""기업가치 제고 계획은 단순한 하나의 공시 양식으로 끝나서는 안 된다""며 ""기업과 주주가 만드는 소통의 플랫폼이자 투자자가 기업을 이해하는 핵심 지침서가 돼야 하며, 이사회와 경영진이 자본 효율성과 주주가치를 지속적으로 점검하는 경영의 나침반이 돼야 한다""고 말했다. 이어 ""형식적 공시가 아닌 실질적인 변화로, 일회성 캠페인이 아닌 지속 가능한 경영 문화로 정착되도록 하겠다""며 ""기업가치 제고 계획이 기업들의 효과적인 소통 플랫폼이자 투자자들의 주식 투자 필수 지침서로 자리 잡을 때까지 긴 호흡으로 제도적 뒷받침을 계속해 나가겠다""고 덧붙였다. 정은보 한국거래소 이사장은 개회사에서 ""최근 우리 자본시장은 불확실한 대내외 여건 속에서도 새로운 이정표를 세웠다""며 ""코스피는 사상 최초로 8,000포인트를 돌파했고, 우리 주식시장은 기록적인 상승세를 바탕으로 글로벌 시가총액 기준 7위로 올라섰다""고 짚었다. 이어 ""이는 자본시장 선진화를 향한 정부의 정책적 지원과 반도체, 방산 등 우리 주력산업의 실적 개선, 기업가치 제고 프로그램 참여 확산이 함께 이루어낸 성과""라며 ""특히 한국거래소가 기업가치 제고 프로그램을 시작한 지 2주년을 맞이한 가운데 기업가치 제고에 대한 기업과 시장의 인식도 점차 확산하고 있다""고 말했다. 구체적으로 ""코스피와 코스닥 전 업종으로 공시가 확대되고 있고, 고배당기업을 중심으로 공시 참여 기업도 733사로 크게 증가했다""며 ""밸류업 지수와 공시기업들의 주가는 시장 평균을 상회하는 흐름을 보여주고 있다""고 강조했다. 거래소는 밸류업 공시 활성화를 위해 코스닥 기업 지원 및 기관투자자 역할 강화 등에 힘쓰겠다고 밝혔다. 이날 김정영 한국거래소 경영지원본부 본부장보는 주제발표에서 ""코스닥 기업과 중소기업의 참여를 높이기 위한 맞춤형 지원을 강화하고, 저PBR 기업 리스트 공표를 통해 저평가 기업의 기업가치 제고를 유도할 것""이라고 말했다 또한 ""'코리아 프리미엄'을 실현하기 위해 지배구조 개선을 위한 맞춤형 컨설팅을 확대하고, 기관 투자자들이 보다 적극적으로 기업 가치 제고에 관여하도록 스튜어드십 코드 이행 현황 점검을 지원할 것""이라고 말했다. 뒤이어 이어진 주제 발표에서는 밸류업 공시 활성화를 위해 특례상장기업 맞춤형 공시, 형식적 공시 방지 제도 등이 필요하다는 제언이 나왔다. 강소현 자본시장연구원 자본시장실장은 ""현재 코스닥 기업의 기업가치 제고 계획 공시 참여가 저조하고, 특례상장 기업 맞춤형 공시 기반이 부족하다""고 지적했다. 이어 ""특례상장기업은 재무성과가 아닌 장기 성장경로 중심으로 공시체계를 설계할 필요가 있다""며 ""맞춤형 기술특례상장 제도와 연계해 산업 특성을 반영한 공시체계도 마련해야 한다""고 말했다. 또한 ""기업의 형식적 공시를 방지하기 위해 단순 공시 여부보다 저평가 원인 분석, 주주환원 정책, 자본 배분 전략, 성장전략 등의 공시가 필요하다""며 ""미공시기업에 대해서는 공시 미참여 사유 및 향후 계획 여부 등을 설명하도록 해 시장규율 기능을 강화해야 한다""고 강조했다. 한편 거래소는 이날 지난 1년간 기업가치 제고를 위해 노력하고 우수한 성과를 내는 등 밸류업 문화 확산에 기여한 우수기업 10개사를 표창했다. 키움증권과 한국항공우주가 경제부총리상을 수상했다. 코웨이, 한국금융지주, 티씨케이가 금융위원장상을 받았으며, 에스티팜, 우리금융지주, 지역난방공사, 한솔케미칼, LG이노텍이 거래소 이사장상을 받았다. mylux@yna.co.kr",https://n.news.naver.com/mnews/article/001/0016101465
"제일기획, '테크 쇼케이스 2026' 개최",연합뉴스,김민지 기자,2026.05.27. 오전 9:34,"제일기획, '테크 쇼케이스 2026' 개최 [제일기획 제공. 재판매 및 DB 금지 (서울=연합뉴스) 김민지 기자 = 제일기획은 27일부터 29일까지 서울 한남동 사옥에서 회사의 테크 역량을 대내외에 알리기 위한 '제일 테크 쇼케이스 2026'을 개최한다고 27일 밝혔다. '에이전시에서 에이전틱으로'라는 주제로 열리는 이번 행사는 주요 광고주와 파트너사, 임직원 등을 초청해 제일기획의 하이테크 기반 설루션과 이를 통해 얻을 수 있는 비즈니스 성과를 보여줄 계획이다. 프로덕티비티(생산성), 컨버전(전환), 그로스(성장), 씨어터(상영관) 등 총 4가지 주제별로 조성된 전시 프로그램에서는 다양한 분야의 테크 설루션 중 17개를 선보인다. '프로덕티비티' 존에서는 제일기획이 광고·콘텐츠 제작 프로세스 전반의 업무 효율화를 위해 새롭게 구축한 AI 플랫폼 '커넥트 AI' 등을 체험할 수 있고, '컨버전' 존에는 가상 공간 내 매장 레이아웃·진열 시뮬레이션을 통해 최적의 상품 배치를 도와주는 설루션 등 온·오프라인 커머스의 판매 확대를 지원하는 설루션을 전시한다. '그로스' 존에서는 AI 기술로 데이터를 체계적으로 저장해 효율적인 디지털 미디어 집행을 도와주는 CMDB 등을 만날 수 있으며 '씨어터' 존에서는 제일기획 요즘연구소의 마이너리티 리포트 '취약할 권리'를 바탕으로 제작한 AI 단편 영화 등을 상영한다. 서지영 디지털부문장(부사장)과 에스더 안 글로벌 데이터 트랜스포메이션 센터장(부사장)은 에이전틱 AI시대의 비즈니스 대응 방안에 대해 대담을 진행한다. 이 밖에도 제일기획 임직원, 학계 및 파트너사 전문가 등을 연사로 초청해 다양한 강연을 선보인다. 김종현 제일기획 사장은 ""제일기획은 에이전틱의 시대에 발맞춰 '마케팅 테크 설루션 파트너'로 진화하는 중""이라며 ""축적해 온 소비자 데이터와 인사이트를 AI 기술과 결합해 클라이언트에게 새로운 비즈니스 기회를 제시하고 실질적인 성과를 만들어 나갈 계획""이라고 밝혔다. jakmj@yna.co.kr",https://n.news.naver.com/mnews/article/001/0016101078
'종가 기준 사상 최고치' 코스피… 8228.70에 마감 [뉴시스Pic],뉴시스,류현주 기자,2026.05.27. 오후 4:41,"[서울=뉴시스] 김명년 기자 = 27일 오후 서울 중구 하나은행 딜링룸에서 딜러들이 업무를 보고 있다. 코스피는 전 거래일(8047.51)보다 181.19포인트(2.25%) 오른 8228.70에 장을 마쳤다. 코스닥 지수는 전 거래일(1172.52)보다 39.39포인트(3.36%) 내린 1133.13에 거래를 종료했다. 서울 외환시장에서 원·달러 환율은 전 거래일(1504.3원)보다 3.1원 내린 1501.2원에 주간 거래를 마감했다. 2026.05.27. kmn@newsis.com [서울=뉴시스] 류현주 기자 = 27일 코스피가 종가 기준 사상 최고치를 기록하며 마감했다. 이날 코스피는 전 거래일(8047.51)보다 181.19포인트(2.25%) 오른 8228.70에 마감했다. 외국인이 4484억원을 순매도 했고, 개인과 기관이 각각 4087억원, 1845억원 순매수했다. 코스피는 반도체주 급등세에 힘입어 장중 한때 8450선까지 오르기도 했다. 삼성전자는 2.68% 오른 31만6000원, SK하이닉스는 9.31% 상승한 224만3000원에 마감했다. 코스닥 지수는 전 거래일(1172.52)보다 39.39포인트(3.36%) 내린 1133.13에 거래를 마쳤다. 서울 외환시장에서 원·달러 환율은 전 거래일(1504.3원)보다 3.1원 내린 1501.2원에 주간 거래를 마감했다. [서울=뉴시스] 김명년 기자 = 코스피가 전 거래일(8047.51)보다 194.61포인트(2.42%) 상승한 8242.12에 개장한 27일 오전 서울 중구 하나은행 딜링룸에서 딜러들이 업무를 보고 있다. 코스닥 지수는 전 거래일(1172.52)보다 1.28포인트(0.11%) 오른 1173.80에 거래를 시작했다. 원·달러 환율은 전 거래일 주간거래 종가(1504.3원)보다 2.4원 오른 1506.7원에 출발했다. 2026.05.27. kmn@newsis.com [서울=뉴시스] 김명년 기자 = 코스피가 전 거래일(8047.51)보다 194.61포인트(2.42%) 상승한 8242.12에 개장한 27일 오전 서울 중구 하나은행 딜링룸에서 딜러들이 업무를 보고 있다. 코스닥 지수는 전 거래일(1172.52)보다 1.28포인트(0.11%) 오른 1173.80에 거래를 시작했다. 원·달러 환율은 전 거래일 주간거래 종가(1504.3원)보다 2.4원 오른 1506.7원에 출발했다. 2026.05.27. kmn@newsis.com [서울=뉴시스] 김명년 기자 = 코스피가 전 거래일(8047.51)보다 194.61포인트(2.42%) 상승한 8242.12에 개장한 27일 오전 서울 중구 하나은행 딜링룸에서 딜러들이 업무를 보고 있다. 코스닥 지수는 전 거래일(1172.52)보다 1.28포인트(0.11%) 오른 1173.80에 거래를 시작했다. 원·달러 환율은 전 거래일 주간거래 종가(1504.3원)보다 2.4원 오른 1506.7원에 출발했다. 2026.05.27. kmn@newsis.com [서울=뉴시스] 김명년 기자 = 코스피가 전 거래일(8047.51)보다 194.61포인트(2.42%) 상승한 8242.12에 개장한 27일 오전 서울 중구 하나은행 딜링룸에서 딜러들이 업무를 보고 있다. 코스닥 지수는 전 거래일(1172.52)보다 1.28포인트(0.11%) 오른 1173.80에 거래를 시작했다. 원·달러 환율은 전 거래일 주간거래 종가(1504.3원)보다 2.4원 오른 1506.7원에 출발했다. 2026.05.27. kmn@newsis.com [서울=뉴시스] 김명년 기자 = 27일 오후 서울 중구 하나은행 딜링룸에서 딜러들이 업무를 보고 있다. 코스피는 전 거래일(8047.51)보다 181.19포인트(2.25%) 오른 8228.70에 장을 마쳤다. 코스닥 지수는 전 거래일(1172.52)보다 39.39포인트(3.36%) 내린 1133.13에 거래를 종료했다. 서울 외환시장에서 원·달러 환율은 전 거래일(1504.3원)보다 3.1원 내린 1501.2원에 주간 거래를 마감했다. 2026.05.27. kmn@newsis.com [서울=뉴시스] 김명년 기자 = 코스피가 사상 최고치인 8228.70에 장을 마친 27일 오후 서울 중구 하나은행 딜링룸 전광판에 삼성전자와 SK하이닉스 종가가 나오고 있다. 2026.05.27. kmn@newsis.com [서울=뉴시스] 김명년 기자 = 27일 오후 서울 중구 하나은행 딜링룸에서 딜러들이 업무를 보고 있다. 코스피는 전 거래일(8047.51)보다 181.19포인트(2.25%) 오른 8228.70에 장을 마쳤다. 코스닥 지수는 전 거래일(1172.52)보다 39.39포인트(3.36%) 내린 1133.13에 거래를 종료했다. 서울 외환시장에서 원·달러 환율은 전 거래일(1504.3원)보다 3.1원 내린 1501.2원에 주간 거래를 마감했다. 2026.05.27. kmn@newsis.com",https://n.news.naver.com/mnews/article/003/0013971012
진격의 개미군단 상장 첫날부터 불기둥 세웠다···‘삼전·닉스’ 레버리지 ETF 10~20% 급등,경향신문,이보라 기자,2026.05.27. 오전 10:55,"교육 이수 사이트도 이날 오전 ‘먹통’ 이정환 미래에셋자산운용 상무가 26일 서울 중구 미래에셋센터원빌딩에서 열린 ‘삼성전자·SK하이닉스 단일종목 레버리지·인버스’ ETF(상장지수펀드) 상장 간담회에서 발언하고 있다. 연합뉴스 삼성전자와 SK하이닉스의 수익률을 ±2배 추종하는 단일종목 레버리지 상장지수펀드(ETF)가 상장 첫날인 27일 급등세를 보이고 있다. 삼성·미래에셋·한국투자·KB·키움·하나·신한·한화 등 자산운용사 8곳은 이날 삼성전자와 SK하이닉스를 기초 자산으로 하는 단일종목 레버리지·인버스 ETF를 상장했다. SK하이닉스를 기초자산으로 하는 단일종목 레버리지 ETF는 시작가보다 20% 급등했다. 이날 오전 10시 30분 현재 KODEX SK하이닉스단일종목레버리지는 시작가보다 20.6% 오른 2만8295원, TIGER SK하이닉스단일종목레버리지는 20.7% 오른 2만4140원에 상승 거래 중이다. ‘ACE SK하이닉스 단일종목 레버리지’(21.1%), ‘RISE SK하이닉스 단일종목 레버리지’(20.8%), ‘1Q SK하이닉스선물단일종목레버리지’(21.3%), ‘KIWOOM SK하이닉스선물단일종목레버리지’(21.2%), ‘SOL SK하이닉스단일종목레버리지’(20.6%) 등도 20% 넘는 급등세를 보이고 있다. 삼성전자 단일종목 레버리지 ETF도 10%대의 상승률을 보이고 있다. ‘KODEX 삼성전자단일종목레버리지’는 13.4% 오른 2만4550원, ‘TIGER 삼성전자단일종목레버리지’는 13.8% 오른 2만2740원에 거래되고 있다. ‘ACE 삼성전자단일종목레버리지’(13.7%), ‘RISE 삼성전자단일종목레버리지’(13.5%), ‘PLUS 삼성전자단일종목레버리지’(13.2%), ‘1Q 삼성전자선물단일종목레버리지’(13.9%), ‘KIWOOM 삼성전자선물단일종목레버리지’(13.8%) 등도 오름세를 보이고 있다. 반면 주가 하락 시 수익률을 두 배로 얻는 ‘곱버스’ 상품은 마이너스 수익률을 보이고 있다. ‘SOL SK하이닉스선물단일종목인버스2X’는 21.9% 내린 1만5600원, ‘PLUS 삼성전자선물단일종목인버스2X’는 14.2% 떨어진 1만7150원에 거래 중이다. 이날 처음 출시된 단일종목 레버리지 ETF에 투자자들이 몰리면서 변동성완화장치도 발동됐다. VI는 개별 종목이나 상품의 가격이 급변할 경우 거래소가 발동하는 변동성완화장치다. 가격 급등락에 따른 시장 충격을 완화하기 위해 일정 시간 거래를 제한하는 방식으로 운영된다. 단일종목 레버리지 ETF에 투자하기 위해 반드시 들어야 하는 사전 온라인 교육 사이트도 ‘먹통’이 됐다. 사전 온라인 교육을 운영하는 금융투자협회 금융투자교육원 홈페이지는 이날 오전 이용자 급증으로 접속이 되지 않고 있다.",https://n.news.naver.com/mnews/article/032/0003448218
"정부, 비아파트 규제 확 풀어 수도권 11만가구 공급한다",매일신문,홍준표 기자,2026.05.26. 오후 4:00,"도시형생활주택 상한 500~700가구로 상향·층수 완화 착공 지연 10만가구 해소 '현장 애로센터' 신설 가동 한국토지주택공사(LH)가 올해 상반기 특화형 매입임대주택 공모 신청접수를 27일부터 시작한다. 사진은 특화형 매입임대주택 우수 사례인 서울 도봉구 방학동에 있는 해심당 전경. 2026. 4. 27. LH 제공 수도권 비아파트 공급 절벽으로 전월세 시장 불안이 이어지는 가운데 정부가 민간 공급 촉진을 위한 규제 완화 카드를 꺼내 들었다. 도시형생활주택 건축 규제를 대폭 풀고 공실 상가·오피스의 주거 전환을 유도해 2030년까지 수도권에 비아파트 11만가구를 공급하는 한편 1년 이상 착공이 지연된 수도권 아파트 10만가구의 조기 착공도 지원하기로 했다. ◆도시형생활주택 규제 완화…1인 가구 겨냥 국토교통부는 26일 이 같은 내용을 담은 비아파트 공급 확대 방안을 발표했다. 앞서 지난 22일 규제지역 내 매입임대를 사실상 무제한 공급하는 1차 대책(관련 기사 수도권 전월세 불안에 정부 승부수…매입임대 9만가구 푼다)에 이은 후속 조치다. 이번 대책의 핵심은 세 갈래다. 도시형생활주택 인허가 확대, 공실 비주거시설의 주거용 전환, 비아파트 전용 건설금융 지원이다. 이를 통해 수도권에서 올해부터 내년까지 2년간 4만1천가구, 2030년까지 11만가구를 공급하겠다는 목표다. 도시형생활주택 공급 목표는 2년간 2만6천가구, 2030년까지 7만7천가구다. 과거 2012년 최대 12만가구(수도권 7만4천가구)까지 공급됐던 도시형생활주택은 부동산 프로젝트파이낸싱(PF) 위기와 분양성 저하 등으로 2023년 이후 연 5천가구 수준으로 급감한 바 있다. 공급 촉진을 위해 세대수 제한이 대폭 완화된다. 현행 300가구 미만에서 준주거·상업·공업지역은 500가구, 역세권은 700가구 미만으로 각각 상향된다. 관련 주택법 개정안은 이미 국회 법제사법위원회를 통과했으며 2030년까지 한시 적용된다. 층수 제한도 현행 최대 5층(건축위원회 심의를 거친 경우)에서 6층으로 완화되고, 일조권 이격거리 기준도 건축물 높이 10~17m 구간에 대해 정북 방향 5m로 통일된다. 국토부 관계자는 ""1인 가구 비중이 2024년 기준으로 35% 이상에 달하고 서울은 40% 수준""이라며 ""청년 세대나 고령자 계층 등 1인 가구의 주거 안정을 정부가 챙기지 않을 수 없다""고 배경을 설명했다. 도시형생활주택은 전용면적 85㎡(약 26평)까지 건설할 수 있어 1~2인 가구뿐 아니라 3~4인 가구도 수용 가능하다는 게 국토부의 설명이다. 공실 상가·오피스를 주거시설로 전환하는 방안도 함께 추진된다. 내년까지 2년간 1만5천가구, 2030년까지 3만3천가구 공급이 목표다. 한국토지주택공사(LH)가 올해 2천가구 규모의 비주거시설을 우선 리모델링하고, LH 내에 '주거시설 전환 네트워크 센터'를 설치해 리모델링 수요자와 설계·시공 업체 매칭 및 컨설팅을 제공한다. 국토부 관계자는 ""비주거 공간을 주거용으로 전환하려 해도 어디에 문의해야 하는지 몰라 못하는 건물주가 많다""며 ""LH가 시범 사업을 주도해 관련 생태계를 키워나가는 역할을 맡길 것""이라고 했다. 일반공업지역 내 지식산업센터 등을 내년까지 한시적으로 오피스텔로 전환할 수 있도록 허용하고, 주차장 추가 확보 의무도 같은 기간 면제한다. ◆건설금융 지원 대폭 확대…착공 지연 10만가구 해소 건설금융 지원도 강화된다. 도시형생활주택 주택기금 사업자대출 한도가 내년까지 한시적으로 전용 60㎡ 이하는 현행 가구당 7천만원에서 1억1천만원으로, 금리는 연 3.8%에서 3.4%로 낮아진다. 60~85㎡는 공공 한정에서 공공·민간 모두 적용되고, 한도가 7천만원에서 1억2천만원으로 늘어난다. 국토부 관계자는 ""이렇게 하면 전체 건축비의 약 60%를 연 3.4~3.6% 수준의 금리로 조달할 수 있어 사업자 입장에서는 상당히 저렴한 자금""이라고 했다. 비주거시설 리모델링을 위한 기금대출과 주택도시보증공사(HUG) 모기지 보증도 신설된다. 비아파트 특례 PF 보증과 분양보증도 새로 출시된다. 착공 지연 물량 해소를 위해 '현장 애로해소 지원센터'도 가동된다. 현재 수도권 규제지역 내 인허가를 받고 아직 착공하지 않은 물량은 약 32만3천가구에 달한다. 이 가운데 평균 착공 기간보다 1년 이상 지연된 것이 10만가구, 2년 이상 지연은 6만6천가구로 추산된다. 지원센터는 한국주택협회, 대한주택건설협회, 한국디벨로퍼협회에 전담 창구를 두고 현장 애로를 상시 접수해 범부처 협의체를 통해 제도 개선에 나선다. 국토부 관계자는 ""기관별 법령 해석 차이나 PF 자금 조달 문제 등 사업장마다 착공이 지연되는 원인이 각각 다를 것""이라며 ""맞춤형 솔루션으로 해결하는 시스템을 구축할 것""이라고 말했다. 이번 대책이 수도권 집중을 심화시키는 것 아니냐는 지적에 대해 국토부 관계자는 ""균형발전과 관련해 수도권·지방 문제는 주택 정책 범위를 넘어서는 과제""라며 ""일자리 창출 기반 조성, 정주 여건 개선 등 호흡이 긴 업무를 별도로 추진하고 있고, 구체화되는 대로 발표할 계획""이라고 밝혔다. 그러면서 ""지방 미분양 문제에 대해서도 추가 검토를 할 계획""이라고 덧붙였다. 국토부는 내부 규정 개정 사항은 즉시 시행하고, 시행령 등 법령 개정사항은 3개월 안에 완료하겠다는 방침이다. 장우철 국토부 주택정책관은 ""속도감 있는 정책 추진으로 실수요자가 안심할 수 있는 주택시장을 만들기 위해 최선을 다하겠다""고 했다.",https://n.news.naver.com/mnews/article/088/0001011662
코스피 사상 최고치 8228선 마감…삼전·닉스 질주 [시황],데일리안,김하랑 기자,2026.05.27. 오후 3:54,"장중 8450선 터치 후 최고가 마감 장 초반 상승세에 매수 사이드카 발동 코스피지수는 전 거래일 대비 181.19포인트(2.25%) 오른 8228.79로 거래를 마쳤다.ⓒ연합뉴스 [데일리안 = 김하랑 기자] 코스피가 개인과 기관 매수세에 힘입어 사상 최고치인 8228선에서 마감했다. 삼성전자·SK하이닉스 강세와 국내 첫 단일종목 레버리지 상장에 따른 반도체 투자심리 확대가 지수 상승을 이끈 것으로 풀이된다. 27일 한국거래소에 따르면, 코스피지수는 전 거래일 대비 181.19포인트(2.25%) 오른 8228.79로 거래를 마쳤다. 지수는 전장보다 194.61포인트(2.41%) 오른 8242.12로 개장 후, 장 초반 8450대를 터치하기도 했다. 이날 국내 첫 삼성전자·SK하이닉스 단일종목 레버리지가 상장되면서 관련 종목과 반도체 업종에 대한 관심이 커진 영향으로 풀이된다. 이같은 급 상승세에 장 초반에는 매수 사이드카가 발동하기도 했다. 투자 주체별로 보면 개인과 기관이 각각 4087억원, 1845억원을 순매수해 지수 상승을, 외국인이 4484억원을 순매도해 지수 하락을 유도했다. 코스피 시가총액 상위종목은 혼조세를 보였다. 삼성전자(2.68%)·SK하이닉스(9.31%)·SK스퀘어(8.04%)·삼성전자우(2.56%)·삼성전기(3.69%)·삼성생명(1.87%) 등은 올랐다. 반면 현대차(-1.16%)·LG에너지솔루션(-4.01%)·HD현대중공업(-0.13%)·두산에너빌리티(-3.64%) 등은 내렸다. 코스닥은 하락세로 마감했다. 코스닥 지수는 전 거래일보다 39.39포인트(3.36%) 내린 1133.13으로 마감했다. 지수는 전장보다 1.28포인트(0.10%) 상승한 1173.80으로 출발했다. 투자 주체별로 보면 개인이 홀로 6416억원을 사들이고, 기관과 외국인이 각각 5523억원, 849억원을 팔아치웠다. 코스닥 시가총액 상위종목은 혼조세였다. 에코프로비엠(-2.95%)·에코프로(-2.79%)·레인보우로보틱스(-5.18%)·주성엔지니어링(-2.35%)·삼천당제약(-3.03%)·리노공업(-7.49%)·HLB(-2.67%) 등은 내렸다. 알테오젠(5.75%)·코오롱티슈진(1.37%)·펩트론(6.28%) 등은 올랐다.",https://n.news.naver.com/mnews/hotissue/article/119/0003094975?type=series&cid=2001205
"코스피, 8400선 돌파…삼전·닉스 강세 영향 [시황]",데일리안,김하랑 기자,2026.05.27. 오전 9:38,"장 초반 8450대 터치 기관 1491억원 매수 코스피지수는 오전 9시 27분 현재 전 거래일 대비 254.43포인트(3.16%) 오른 8301.94을 가리키고 있다.ⓒ연합뉴스 [데일리안 = 김하랑 기자] 코스피가 장 초반 사상 처음으로 8400선을 돌파했다. 삼성전자·SK하이닉스 반도체주 강세와 단일종목 레버리지 출시 영향이 맞물리며 투자심리를 끌어올린 영향으로 풀이된다. 27일 한국거래소에 따르면, 코스피지수는 오전 9시 27분 현재 전 거래일 대비 254.43포인트(3.16%) 오른 8301.94을 가리키고 있다. 지수는 전장보다 194.61포인트(2.41%) 오른 8242.12로 개장 후, 장 초반 8450대를 터치하기도 했다. 이날 국내 첫 삼성전자·SK하이닉스 단일종목 레버리지가 상장되면서 관련 종목과 반도체 업종에 대한 관심이 커진 영향으로 풀이된다. 투자 주체별로 보면 기관과 외국인이 각각 1491억원, 874억원을 순매수해 지수 상승을, 개인이 1935억원을 순매도해 지수 하락을 유도하고 있다. 코스피 시가총액 상위종목은 혼조세다. 삼성전자(7.11%)·SK하이닉스(10.53%)·SK스퀘어(11.60%)·삼성전자우(5.98%)·삼성전기(8.08%)·HD현대중공업(0.54%)·삼성생명(4.89%) 등은 오르고 있다. 현대차(-0.80%)·LG에너지솔루션(-1.00%)·두산에너빌리티(-0.27%) 등은 내리고 있다. 코스닥은 강보합 출발 후 하락세다. 같은 시간 코스닥 지수는 전 거래일보다 22.04포인트(1.88%) 내린 1150.48을 가리키고 있다. 지수는 전장보다 1.28포인트(0.10%) 상승한 1173.80으로 출발 후 1144선에서 움직이고 있다. 투자 주체별로 보면 개인이 홀로 2038억원을 사들이고, 기관과 외국인이 각각 1460억원, 573억원을 사들이고 있다. 코스닥 시가총액 상위종목은 혼조세다. 에코프로비엠(0.68%)·에코프로(1.09%)·알테오젠(1.23%) 등은 오르고 있다. 레인보우로보틱스(-3.24%)·주성엔지니어링(-2.35%)·코오롱티슈진(-3.12%)·삼천당제약(-3.86%)·리노공업(-7.22%)·HLB(-1.15%)·이오테크닉스(-3.66%) 등은 내리고 있다.",https://n.news.naver.com/mnews/hotissue/article/119/0003094735?type=series&cid=2001205
코스피 8000선 안착…삼전닉스 강세에 최고치 [시황],데일리안,서진주 기자,2026.05.26. 오후 4:07,"8047.51 마무리…기관 매수 속 8100선 돌파 30만전자·200만닉스 등장…시총 상위株 강세 코스닥, 개인 ‘나홀로 사자’에 강보합…1172.52 26일 서울 중구 하나은행 본점 딜링룸 현황판에 코스피·코스닥 지수 등이 표시돼 있다. ⓒ연합뉴스 [데일리안 = 서진주 기자] ﻿코스피가 종가 기준 사상 처음으로 8000선을 돌파했다. 26일 한국거래소에 따르면 코스피지수는 전 거래일 대비 199.80포인트(2.55%) 오른 8047.51에 거래를 마쳤다. 지수는 223.20포인트(2.84%) 높은 8070.91로 개장한 뒤 강세를 이어갔다. 장중에는 8131.15까지 치솟아 사상 최고치를 경신했다. 투자 주체별로 보면 개인과 외국인이 각각 6157억원, 1843억원 순매도해 지수 하락을 유도했지만 기관이 9103억원 순매수하며 지수 상승을 이끌었다. 코스피 시가총액 상위종목 중에서는 삼성전자(2.22%)와 SK하이닉스(5.72%)의 강세가 부각된다. 장중 삼성전자는 30만2000원, SK하이닉스는 208만7000원까지 오르며 최고가를 새로 썼다. 이 외에도 현대차(5.19%)·삼성전기(17.31%)·LG에너지솔루션(0.25%)·HD현대중공업(9.56%)·두산에너빌리티(0.90%) 등이 올랐다. 반면 SK스퀘어(-0.34%)와 삼성생명(-4.53%)은 내렸다. 강진혁 신한투자증권 연구원은 “미국과 이란의 협상 기대감에 유가·금리가 진정되고, 연휴 동안 눌려 있던 수급이 유입되면서 코스피가 8000선을 돌파했다”고 분석했다. 코스닥은 개인의 ‘나홀로 사자’에 힘입어 강보합 마감했다. 이날 코스닥지수는 전 거래일보다 11.39포인트(0.98%) 오른 1172.52에 마감했다. 지수는 전장보다 28.15포인트(2.42%) 높은 1189.28로 출발했다. 투자자별로 보면 개인이 2242억원 사들였고 외국인과 기관이 각각 1486억원, 337억원 팔아치웠다. 코스닥 시가총액 상위종목 중에서는 삼천당제약(-2.55%)과 이오테크닉스(-4.54%)를 제외한 8종목이 강세를 보였다. 에코프로비엠(1.85%)과 에코프로(0.34%)·알테오젠(0.27%)·레인보우로보틱스(2.39%)·주성엔지니어링(4.69%)·코오롱티슈진(2.25%)·리노공업(4.04%)·HLB(2.95%) 등이 올랐다.",https://n.news.naver.com/mnews/hotissue/article/119/0003094499?type=series&cid=2001205
"코스피, 30만전자·200만닉스에 ‘팔천피’ 복귀 [시황]",데일리안,서진주 기자,2026.05.26. 오전 9:33,"8070.91 출발…6거래일 만에 8000선 돌파 삼전·하이닉스 등 시총 상위株 일제히 강세 미·이란 종전 기대감에…개인 ‘나홀로 사자’ 코스닥, 외인·기관 매수에 3% 넘게 올라 26일 서울 중구 하나은행 본점 딜링룸 현황판에 코스피·코스닥 지수 등이 표시돼 있다. ⓒ연합뉴스 [데일리안 = 서진주 기자] 코스피가 ‘팔천피(코스피 8000)’를 탈환했다. 미국과 이란의 종전 기대감이 지수를 끌어올린 모습이다. 26일 한국거래소에 따르면 코스피지수는 오전 9시 31분 현재 전 거래일 대비 241.06포인트(3.07%) 오른 8088.77을 가리키고 있다. 지수는 전장보다 223.20포인트(2.84%) 높은 8070.91로 개장하며 6거래일 만에 8000선을 재돌파했다. 장중에는 8097.09까지 치솟아 사상 최고치를 경신했다. 투자 주체별로 보면 외국인과 기관이 각각 646억원, 616억원 순매도해 지수 하락을 유도하고 있으나 개인이 1617억원 순매수해 지수 상승을 이끌고 있다. 코스피 시가총액 상위종목은 일제히 강세다. 특히 삼성전자(2.39%)와 SK하이닉스(4.48%)는 장중 각각 30만1500원, 204만원까지 올라 최고가를 기록했다. 이 외에도 SK스퀘어(1.69%)·현대차(3.05%)·삼성전기(10.60%)·LG에너지솔루션(2.13%)·HD현대중공업(5.44%)·두산에너빌리티(1.34%) 등이 오르고 있다. 한지영 키움증권 연구원은 “미·이란 협상이 현재 진행형인 가운데 주말 동안 협상 진전 소식이 종전 기대감을 재차 높이고 있다”며 “삼성전자·SK하이닉스 단일종목 레버리지 출시도 단기 메인 이벤트”라고 말했다. 코스닥은 외국인과 기관의 ‘동반 사자’에 3% 넘게 오르고 있다. 같은 시간 코스닥 지수는 전 거래일보다 38.10포인트(3.28%) 오른 1199.23을 가리키고 있다. 지수는 전장보다 28.15포인트(2.42%) 높은 1189.28로 출발했다. 투자 주체별로 보면 외국인과 기관이 각각 1862억원, 306억원 사들이고 개인이 2086억원 팔아치우고 있다. 코스닥 시가총액 상위종목 중에서는 주성엔지니어링(-1.34%)을 제외한 9종목이 강세다. 에코프로비엠(6.94%)을 비롯해 에코프로(6.21%)·알테오젠(5.62%)·레인보우로보틱스(2.65%)·코오롱티슈진(8.53%)·삼천당제약(5.11%)·리노공업(6.38%)·HLB(7.47%)·이오테크닉스(0.87%) 등이 오르고 있다.",https://n.news.naver.com/mnews/hotissue/article/119/0003094198?type=series&cid=2001205
ETF 500조 시대 열렸다…'삼전닉스' 레버리지에 단타자금도 들썩,,,2026.05.27. 오후 5:17,"400조 돌파 후 27거래일 만에 100조 급증…증시 영향력 확대 ‘삼전닉스’ 레버리지 첫날 흥행…개인 자금 2조 유입 “장기투자 취지와 거리”…단타·변동성 확대 우려도 [이데일리 김윤정 기자] 국내 상장지수펀드(ETF) 시장이 사상 처음 순자산총액 500조원을 돌파한 가운데 삼성전자·SK하이닉스를 기초자산으로 한 단일종목 레버리지 상품에도 첫날부터 2조원 넘는 개인 투자자 자금이 몰렸다. 국내 증시 활황과 반도체주 급등세에 투자심리가 쏠리며 ETF 시장 열기를 키우는 모습이다. 다만 일각에서는 단기 투기 수요를 자극해 시장 변동성을 키울 수 있다는 우려도 나온다. 코스피가 사상 최고치인 8228.70에 장을 마친 27일 오후 서울 중구 하나은행 딜링룸 전광판에 삼성전자와 SK하이닉스 종가가 나오고 있다. (사진=뉴시스) 27일 엠피닥터에 따르면 이날 종가 기준 국내 ETF 시장 순자산총액은 501조1021억원으로 집계됐다. 국내 ETF 시장이 500조원을 넘어선 것은 이번이 처음이다. 지난달 15일 400조원을 돌파한 이후 불과 27거래일 만에 순자산이 100조원 가까이 늘었다. 최근 몇 년 새 ETF 시장은 폭발적인 성장세를 이어가고 있다. ETF 순자산총액은 △2021년 73조원 △2022년 78조원 △2023년 121조원 △2024년 173조원 △2025년 297조원으로 증가했다. 올해 초 약 298조원이던 ETF 시장은 약 5개월 만에 500조원 규모로 커졌다. 거래 규모 역시 확대되고 있다. 한국거래소에 따르면 이달 ETF 시장 일평균 거래대금은 29조1390억원으로 집계됐다. 지난해 12월만 해도 ETF 일평균 거래대금은 6조5691억원 수준이었지만 올해 1월 처음으로 10조원을 넘어선 뒤 증가세를 이어가고 있다. 특히 이날 상장한 삼성전자·SK하이닉스 단일종목 레버리지 상품에는 개인 투자자 자금이 대거 몰렸다. 삼성전자·SK하이닉스 일간 수익률을 2배로 추종하는 단일종목 레버리지 상품 14종에는 총 2조153억원의 개인 순매수가 유입됐다. 삼성전자 단일종목 레버리지 상품에는 6119억원, SK하이닉스 단일종목 레버리지 상품에는 1조4034억원이 각각 몰렸다. 다만 시장에서는 단일종목 레버리지 상품이 지나친 단기 방향성 투자 수요를 자극할 수 있다는 우려도 나온다. 이준서 동국대 경영학과 교수는 “ETF는 기본적으로 여러 종목으로 포트폴리오를 구성해 위험을 분산하는 상품인데 단일종목 레버리지는 성격 자체가 완전히 다르다”며 “사실상 특정 종목 방향성에 베팅하는 구조인 만큼 단기 투기 수요가 과도하게 유입될 가능성을 경계할 필요가 있다”고 지적했다.",https://n.news.naver.com/mnews/article/018/0006291747
"""코스피가 너무 올라서""…주가연계상품 가입자들 '울상'",이데일리,이수빈 기자,2026.05.27. 오후 5:15,"사전 설정한 상한선 초과시 수익구조 소멸 '낙아웃' 옵션에 최저수익률 조기 확정 속출 은행권은 증시 활황 힘입어 ELD 판매 이어가 [이데일리 이수빈 기자] 주식시장의 유례없는 활황으로 주가연계상품(ELD)의 수익률이 최저 수준으로 떨어지는 ‘낙아웃(Knock-Out)’ 사례가 속출하고 있다. 은행권은 증시 상승장에 힘입어 ELD 상품 판매를 이어가고 있지만 금융당국은 낙아웃 구조에 대한 설명을 제대로 고지받지 못했다는 민원이 접수되고 있다며 상품 가입 시 주의를 당부했다. 27일 서울 중구 하나은행 딜링룸 현황판에 코스피 등이 표시되고 있다. 이날 오전 9시 2분 현재 코스피는 전날보다 400.18포인트(4.97%) 오른 8,447.69다.(사진=연합뉴스) 27일 금융권에 따르면 코스피가 장중 8400선을 넘어서는 등 지수가 예상치를 뛰어넘는 수준으로 오르며 ELD 상품의 낙아웃이 발생하고 있다. 낙아웃이란 기초자산 가격 또는 지수가 미리 정한 수준을 한 번이라도 초과하면 옵션(수익구조)이 소멸하는 구조를 뜻한다. 예를 들어 낙아웃 구조로 설계된 ELD 상품이 코스피200 지수를 기초자산으로 할 경우, 코스피200 지수가 미리 정한 상한선을 한 번이라도 넘어서면 수익 연동 구조는 닫히고 만기 수익률은 최저 금리로 조기 확정된다. 대표적으로 KB국민은행이 올해 판매한 ELD 1~3호 중 낙아웃 구조로 설계된 상품은 전량 낙아웃 돼 최저수익률을 조기 확정지었다. 지난달 22일까지 판매한 ELD 3호(26-3호)의 경우 코스피200 지수가 지난달 23일 종가 대비 0~20% 오르면 상승률에 따라 연 2.0~13.8%의 만기 이율을 제공하기로 했다. 그러나 지난 26일 기준 코스피200 종가가 기준 대비 29%나 뛰어오르며 최저 수익률인 연 2%를 확정지었다. 신한·하나·NH농협 등 올해 ELD를 판매한 은행들도 낙아웃 구조가 수익률에 영향을 미쳤다. 이날 기준 5대 은행(KB국민·신한·하나·우리·NH농협)의 정기예금 연이율이 2.90~2.95%인 것과 비교하면 예금보다도 낮은 수익률을 기록했다. 은행권 관계자는 “상품 설계시에는 이렇게 빠르게 지수가 오를 것이라고 예측하지 못했을 것”이라며 이례적인 상황이라는 점을 강조했다. 예상보다 낮은 이자율이 확정돼도 약정한 기간을 채워야만 원금과 이자를 받을 수 있다. 만기 전 중도 해지하면 이자는 지급하지 않고 해지 시점에 따라 중도 해지 수수료까지 적용돼 원금 손실이 발생한다. 금감원에 따르면 지난해 1월부터 올해 2월 중 ELD 상품 만기도래분 기준 4.2%가 중도해지했으며 은행은 중도해지시 최고 0.95%의 수수료를 부과하고 있는 것으로 확인됐다. 일부 소비자들은 낙아웃 구조를 포함한 복잡한 상품구조에 대한 설명을 듣지 못했다거나 중도해지수수료로 인해 원금 손실이 발생했다며 금감원에 민원을 제기하고 있는 것으로 알려졌다. 이에 금감원은 “ELD는 정기예금과 달리 수익구조가 복잡하고 중도해지 시 이자가 지급되지 않거나 수수료 부담으로 원금 손실이 발생할 수 있는 만큼 만기까지 보유 가능한 고객에게만 신중하게 판매할 필요가 있다”고 당부했다. 한편 은행권은 증시로 이탈하는 수신을 방어하고 중위험·중수익 상품으로의 분산투자를 원하는 고객을 확보하기 위해 ELD 상품을 연이어 출시하고 있다. 26일 기준 ELD를 판매한 주요 은행(KB국민·신한·하나·NH농협)의 판매액은 3조 5344억원으로 집계됐다. 은행권에서는 예금보다 높은 수익을 원하지만 원금 보장을 원하는 투자자들에게 적합한 상품이라는 점을 강조하고 있다. 지수가 박스권에 들어설 경우 효과적으로 수익을 낼 수 있는 상품이기도 하다. NH농협은행은 이날 코스피200 지수를 기초자산으로 지수변동에 따라 수익률이 결정되는 1년 만기의 ‘지수연동예금 26-3호’를 출시했다. 낙아웃 옵션이 포함된 수익형Ⅰ,Ⅱ형은 최대 수익률이 각각 5.05%, 7.25%로 설정돼 있으나 만기지수가 최초지수 대비 30%, 45% 상승할 경우 최저금리인 2.65%, 2.30%가 적용된다. 26일 KB국민은행의 ‘KB Star 지수연동예금 26-4호’의 상승낙아웃형(고수익추구형) 상품은 코스피200 상승률에 따라 최저 연 2.00%부터 최고 연 10.75%의 만기 이율을 제공한다. 다만 코스피200 지수가 기준 지수보다 25% 초과 상승할 경우 연 2.00%로 만기 이율이 확정된다. IBK기업은행의 ‘IBK지수연동예금(ELD) 26-1차’ 안정상승낙아웃형 1년형 역시 코스피200 지수가 기준 지수보다 30% 이하 상승 구간까지만 수익률이 연동되며 수익률은 연 1.5~6.0% 수준이다. 은행권 관계자는 “ELD 상품이 분산투자를 원하는 고객이나 주가가 진정세에 접어들었다고 판단하시는 고개분들에게는 매력적으로 작용할 수 있는 상품”이라고 설명했다.",https://n.news.naver.com/mnews/article/018/0006291746
60% 손실 경고에도…삼전닉스 레버리지에 개미 2조 ‘우르르’,이데일리,김경은 기자,2026.05.27. 오후 5:13,"단일종목 레버리지 14종에 2조153억 몰려 TIGER SK하이닉스 레버리지, 6909억 ‘1위’ 수익률 선물형이 높아…첫날 19.46% 급등 교육 사이트 마비에 거래량 부풀리기 의혹까지 [이데일리 김경은 기자] 삼성전자(005930)와 SK하이닉스(000660) 일간 수익률을 2배로 추종하는 단일종목 레버리지 상품에 2조원 넘는 개인 투자자 자금이 몰렸다. 하루 최대 60%에 달하는 손실 위험에도 투자심리가 집중되며 광풍이 몰아치는 모습이다. [이데일리 이미나 기자] 27일 엠피닥터에 따르면 이날 동시 상장한 삼성전자·SK하이닉스 단일종목 레버리지 상품 14종에는 총 2조153억원의 개인 순매수가 유입됐다. 삼성전자 단일종목 레버리지 상품이 6119억원, SK하이닉스 단일종목 레버리지 상품이 1조4034억원의 자금을 각각 끌어모았다. 개인 순매수 규모가 가장 많은 건 미래에셋자산운용의 ‘TIGER SK하이닉스단일종목레버리지’로 6909억원이 유입됐다. 이날 출시된 레버리지 상품뿐 아니라 국내 상장한 상장지수펀드(ETF)의 상장 첫날 개인 순매수 역대 1위 규모다. 삼성자산운용의 ‘KODEX SK하이닉스단일종목레버리지’에는 6674억원의 개인 순매수가 유입됐다. 이어 △한국투자신탁운용 ACE(157억원) △KB자산운용 RISE(123억원) △신한자산운용 SOL(84억원) 순이다. 삼성전자 단일종목 레버리지 상품의 개인 순매수는 삼성자산운용이 앞섰다. ‘KODEX 삼성전자단일종목레버리지’에는 3155억원의 개인 순매수가 유입됐다. 이어 △TIGER(2784억원) △ACE(76억원) △RISE(50억원) 순이다. 금융당국의 투자 위험 경고에도 개인 순매수가 2조원 넘게 유입된 건 국내 반도체주에 대한 투자 과열 현상으로 해석된다. 특히 간밤 미국 뉴욕증시가 기술주 중심으로 강세를 보이면서 두 종목에 대한 투자심리를 부추겼다. 이날 삼성전자와 SK하이닉스는 전 거래일 대비 각각 2.68%, 9.31% 상승했다. 덕분에 이를 추종하는 레버리지 상품도 각각 4~5%, 18~19%가량 올랐다. 기초자산은 동일하지만 운용사마다 추종하는 기초지수(현물·선물)와 설정·환매 방식이 달라 수익률에도 차이를 보였다. 이날 종가 기준 수익률 상위권에는 선물지수를 추종하는 ‘1Q SK하이닉스선물단일종목레버리지’(19.46%)와 ‘KIWOOM SK하이닉스선물단일종목레버리지’(19.23%)가 이름을 올렸다. 이어 △SOL(18.78%) △ACE(18.63%) △TIGER(18.56%) △RISE(18.47%) △KODEX(18.44%) 순이다. 이들 상품의 일간 거래대금은 10조원을 훌쩍 넘겼다. 삼성전자 레버리지 상품의 거래대금은 KODEX가 1조9477억원, TIGER가 1조162억원으로 집계됐다. SK하이닉스 레버리지의 경우 KODEX가 4조3881억원, TIGER가 2조678억원으로 나타났다. 자금 유치 경쟁이 과열되면서 일각에서는 거래량 부풀리기가 의심되는 모습도 포착됐다. 리테일 규모가 작은 중소형 증권사가 매수·매도 상위 창구에 나란히 이름을 올리는 장면이 나타나면서다. 거래량이 많은 상품에 자금이 집중되는 ETF 특성상 대형 운용사가 유동성공급자(LP)인 증권사를 동원해 거래량을 부풀린 것 아니냐는 지적이다. 이날 장 초반에는 단일종목 레버리지 상품에 대한 관심이 집중되면서 금융투자교육원 홈페이지가 마비되는 상황도 벌어졌다. 해당 상품을 거래하려면 관련 교육을 의무적으로 받아야 하는데 매매 수요가 급증하면서 서버에 과부하가 걸린 것이다. 금융투자협회에 따르면 지난달 28일 교육 개설 이후 지난 25일까지 교육 신청자는 14만명을 넘어섰다. 강송철 유진투자증권 연구원은 “앞서 홍콩 증시에 상장한 삼성전자, SK하이닉스 레버리지 ETF는 자산규모가 각각 3조7000억원, 11조6000억원 규모로 성장했다”며 “국내 상장 상품은 해외 상장 상품보다 환전이나 거래 측면에서 더 쉽고 유리한 만큼 내국인 투자 수요를 상당 부분 가져올 수 있을 것”이라고 내다봤다.",https://n.news.naver.com/mnews/article/018/0006291743
"HD현대중공업, KDDX 입찰 참여…한화오션과 7.8조 구축함 수주전",뉴시스,이창훈 기자,2026.05.27. 오후 5:12,"한화오션과 KDDX 사업 두고 격돌 방사청 상대 감점연장 금지 가처분도 ""법적 근거 없이 부당하게 감점 연장"" [서울=뉴시스] HD현대중공업 CI. (사진=HD현대중공업) 2026.05.27 photo@newsis.com *재판매 및 DB 금지 *재판매 및 DB 금지 [서울=뉴시스]이창훈 기자 = HD현대중공업이 27일 한국형 차기 구축함(KDDX) 상세 설계 및 선도함 건조 사업 참여를 위한 입찰 참가 등록을 완료했다고 밝혔다. 지난 14일 1차 입찰에 참여하지 않았으나 이날 2차 입찰에 참여한 것이다. 이에 따라 HD현대중공업과 한화오션이 KDDX 사업을 두고 치열한 수주 경쟁을 벌일 전망이다. HD현대중공업은 또한 KDDX 사업의 공정한 진행을 위해 이날 법원에 '보안 감점 연장 적용 금지' 가처분 신청을 제기했다. 이에 대해 HD현대중공업은 ""최근 입찰에 참여한 해양정보함 기본 설계 제안서에 대한 방위사업청(방사청)의 평가 결과를 통해 보안 감점 적용이 법적 근거 없이 부당하게 연장된 것을 확인했다""고 밝혔다. KDDX는 정부가 2036년까지 7조8000억원의 예산을 투입해 미니 이지스함 6척을 건조하는 사업이다. '개념 설계→기본 설계→상세 설계 및 선도함 건조→후속함 건조' 순으로 진행하는 사업으로, 개념 설계는 한화오션이, 기본 설계는 HD현대중공업이 각각 수주했다. 기존 관례대로 기본 설계를 맡은 HD현대중공업이 상세 설계를 수주할 것이란 관측이 지배적이었으나, 한화오션이 HD현대중공업의 보안 사고 문제를 부각하며 경쟁 입찰을 요구했다. 방사청은 지난해 12월 사업자 선정 방식을 경쟁 입찰로 확정했다. 이에 따라 HD현대중공업에 대한 보안 감점 적용 여부가 KDDX 수주 성패를 가를 핵심 변수로 작용하고 있다. 당초 방사청은 지난해 11월까지만 HD현대중공업에 보안 감점을 적용한다는 입장이었으나, 같은 해 12월 평가 단계에서 보안 감점 여부를 정하는 방향으로 틀었다. 방사청은 이번 KDDX 사업자 선정에서도 제안서 평가위원회에서 보안 감점 여부를 정하는 방식을 택했다. 이에 HD현대중공업이 방사청을 상대로 법원에 보안 감점 연장 적용 금지 가처분을 신청하며 대응에 나선 것이다. KDDX는 선체와 전투 체계를 비롯해 대형 통합 마스트 등 주요 구성품을 순수 국내 기술로 연구개발하는 동시에 국내 최초로 통합 전기식 추진 체계를 적용하는 고난이도의 사업이다. HD현대중공업은 ""KDDX 사업 기본 설계 수행 업체로서 최고 수준의 함정 건조 역량을 바탕으로 대한민국 해군의 전력 강화 및 국가방위산업 발전에 기여하고자 이번 입찰에 참여했다""고 밝혔다. HD현대중공업 관계자는 ""국내 1위 함정 사업자로서 최고의 기술력을 바탕으로 KDDX 사업의 성공을 위해 끝까지 책임 있는 자세로 최선의 노력을 다할 것""이라고 말했다.",https://n.news.naver.com/mnews/article/003/0013971096
[코인뉴스] 비트코인 금 대비 강세 꺾였다…‘디지털 금’ 흔들,데일리안,김민희 기자,2026.05.27. 오후 5:11,"BTC·금 비율, 3개월 만에 상승세 꺾여 美 현물 ETF 8거래일 연속 순유출 해당 이미지는 AI로 제작됨. [데일리안 = 김민희 기자] 금 대비 강세를 이어오던 비트코인이 최근 약세로 돌아서며 7만5000달러선에서 머물고 있다. 시장에서는 최근 이어졌던 비트코인의 ‘디지털 금’ 기대감이 약해지면서 투자 자금이 다시 금과 귀금속 시장으로 이동하고 있다는 평가가 나온다. 27일 글로벌 가상자산 시황 플랫폼 코인게코에 따르면 이날 오후 4시 기준 비트코인은 7만5719달러에 거래됐다. 가상자산 전문 매체 코인데스크는 최근 비트코인의 금 대비 상대 강세 흐름이 약 3개월 만에 종료됐다고 전했다. 비트코인 대비 금 가격 흐름을 나타내는 ‘비트코인·금 비율(BTC/Gold Ratio)’은 지난 3월 이후 상승세를 이어오며 약 12포인트 수준에서 18포인트 부근까지 올라갔다. 당시 시장에서는 중동 긴장 고조와 국제유가 급등 영향 속에 비트코인과 금이 동시에 안전자산 성격을 부각 받았다는 평가가 나왔다. 하지만 최근 들어 해당 비율이 하락세로 돌아서면서 투자자 자금이 다시 금과 귀금속 시장으로 이동하는 흐름이 나타나고 있다. 코인데스크는 현재 추세가 이어질 경우 단기적으로 금이 비트코인보다 상대적으로 더 강한 흐름을 보일 가능성이 높다고 분석했다. 비트코인 가격 변동성도 확대되는 모습이다. 코인텔레그래프에 따르면 비트코인은 지난 26일 오후 2시30분께 약 10분 만에 7만7875달러에서 7만6720달러까지 급락했다. 이후 약 12시간 뒤에는 7만5600달러선까지 밀리며 하루 기준 2.8% 하락했다. 기관 투자심리 둔화 흐름도 이어지고 있다. 미국 현물 비트코인 ETF는 최근 8거래일 연속 순유출을 기록했다. 지난 26일 하루 동안에만 약 3억3360만 달러가 빠져나갔으며, 이 가운데 블랙록 IBIT에서만 1억9240만 달러가 유출됐다. 코인텔레그래프는 지난 14일 이후 미국 현물 비트코인 ETF 시장에서 총 20억 달러 이상 자금이 빠져나갔다고 전했다. 시장에서는 ETF 자금 유출이 이어지면서 기관 투자자들의 비트코인 선호도 역시 약해지고 있다는 분석이 나온다.",https://n.news.naver.com/mnews/article/119/0003095015
롯데손보 경영개선계획 조건부 승인…매각 급물살 타나(종합),뉴스1,박재찬 기자,2026.05.27. 오후 5:10,"1년 6개월간 경영개선계획 이행해야…당국, 점검 예정 롯데손보 매각 속도 기대…한국투자·BNK금융 등 후보군 롯데손해보험 제공 (서울=뉴스1) 박재찬 보험전문기자 = 금융위원회가 롯데손해보험의 경영개선계획을 조건부 승인하면서 롯데손보는 향후 1년 6개월간 경영개선계획을 이행하게 됐다. 금융권에서는 이번 승인으로 롯데손보 매각 작업에도 속도가 붙을 것이라는 전망이 나온다. 금융위원회는 27일 정례회의를 열고 롯데손해보험이 지난달 30일 제출한 경영개선계획에 대해 조건부 승인을 의결했다. 금융위는 롯데손보의 자본적정성 제고를 위해 경영개선계획에 포함된 일부 사항을 조건으로 부과했다. 다만 해당 안건에는 법인·단체 또는 개인의 경영·영업상 비밀에 관한 사항이 포함될 수 있다는 점을 고려해 관련 규정에 따라 3년간 비공개하기로 했다. 롯데손보는 앞으로 관련 법령에 따라 1년 6개월간 경영개선계획을 이행해야 하며, 금융위와 금융감독원은 이행 실적 등을 점검할 예정이다. 금융위는 ""경영개선계획 이행 기간 중에도 보험료 납입과 보험금 청구·지급, 퇴직연금 가입 등 롯데손보의 영업은 정상적으로 이뤄질 예정""이라며 ""롯데손보의 지급여력(K-ICS)비율도 100% 이상인 만큼 보험계약자들은 정상적으로 보험서비스를 이용할 수 있다""고 설명했다. 지난해 11월 금융위는 제19차 정례회의를 열고 롯데손보에 대한 적기시정조치(경영개선권고)를 의결했다. 해당 조치는 지난 2024년 6월 말 기준 롯데손보에 대한 금융당국 경영실태평가 결과에 따른 것이다. 롯데손보는 경영실태평가에서 종합등급 3등급(보통)을 받았지만, 자본적정성 부문에서 4등급(취약)을 받았다. 적기시정조치는 금융당국이 부실 금융사에 증자나 채권 처분 같은 재무개선 조치를 이행하도록 강제하는 제도다. 적기시정조치는 △경영개선권고 △경영개선요구 △경영개선명령 등의 단계로 나뉜다. 이에 롯데손보는 올해 초 경영개선계획서를 제출했지만, 금융위는 경영개선계획의 구체성과 실현 가능성, 근거 등이 부족하다며 불승인했고 롯데손보 적기시정조치는 경영개선요구로 단계를 상향했다. 적기시정조치가 경영개선요구 단계로 상향되면서 롯데손보의 대주주인 JKL파트너스는 금융당국과의 갈등 해소에 적극 나섰다. 우선 롯데손보는 금융위를 상대로 제기했던 효력정지 가처분 신청 등 행정소송을 취소했다. 또 기획재정부 출신의 최원진 JKL파트너스 부대표는 최근 롯데손보 사내이사직에서 물러났다. 최 부대표는 JKL파트너스의 롯데손보 인수를 주도한 인물이다. 금융권에서는 금융당국과 롯데손보 간 갈등 과정에서 최 부대표의 영향력이 적지 않았던 것으로 평가했다. 롯데손보는 새로운 사내이사로 JKL파트너스 창업자인 강민균 대표를 선임했다. 금융권에서는 금융위의 이번 경영개선계획 조건부 승인으로 JKL파트너스의 롯데손보 매각 작업에도 속도가 붙을 것이라는 전망이 나온다. JKL파트너스는 지난 2019년 롯데그룹으로부터 롯데손보 경영권을 3734억 원에 인수했고, 이후 3600억 원 규모의 유상증자를 단행해 총 7300억 원을 투입했다. 이후 지난 2023년부터 롯데손보 매각을 추진하고 있다. 인수 후보군으로는 손해보험 포트폴리오가 없거나 상대적으로 약한 금융지주사들이 거론된다. 가장 적극적인 곳은 한국투자금융지주다. 한국투자금융지주는 이미 롯데손보 실사를 마친 상태이며, 올해 정기 주주총회에서 연내 보험사 인수를 추진하겠다는 목표를 밝힌 바 있다. 또 손해보험 포트폴리오가 없는 BNK금융지주도 잠재 원매자로 거론된다. 신한금융그룹과 하나금융그룹도 손해보험 포트폴리오 비중이 낮은 편이고, 우리금융그룹은 손해보험업 라이선스가 없다. 업계 관계자는 ""금융위가 경영개선계획을 조건부 승인한 만큼 롯데손보 매각에도 속도가 붙을 것으로 보인다""며 ""롯데손보의 높은 매각가가 변수지만 시장이 공감할 수 있는 수준이라면 대형 금융지주들도 원매자로 나설 가능성이 있다""고 말했다. 한편, 롯데손보는 지난해 연간 순이익 513억 원으로 전년 동기 대비 111.9% 증가했다. 지난해 12월 말 기준 지급여력비율(K-ICS)은 159.3%로 지난 1분기 이후 3개 분기 만에 39.4%포인트(p) 개선됐다. 롯데손보는 보험영업이익 증가와 투자영업 안정화, 자산 구조 개선 등이 반영되면서 자본지표가 개선됐다고 설명했다.",https://n.news.naver.com/mnews/article/421/0008969457
"""삼전닉스 2배 ETF 떴다"" 개미 2조 폭식…""이 시간, 변동성 폭탄"" 경고",,,2026.05.27. 오후 5:09,"27일 8개 자산운용사에서 16개 단일종목 레버리지·인버스 상품 상장 장 중 전 종목에 변동성완화장치(VI) 발동… 교육원 홈페이지 마비되기도 단일종목 레버리지·인버스 상품 상장 첫날 거래량·거래대금·개인투자자 순매수액/그래픽=김지영 삼성전자와 SK하이닉스 단일종목 레버리지·인버스 상품이 상장된 첫날부터 개인투자자들이 총 2조원을 순매수했다. 개장 직후 변동성완화장치(VI)가 발동했고 거래를 위한 의무교육을 이수할 수 있는 홈페이지가 마비될 정도로 흥행에 성공했단 평가다. 전문가들은 삼성전자와 SK하이닉스가 국내 대표 반도체주로 개인투자자 선호도가 높은 데다 미국 반도체주 강세까지 맞물리면서 투자 수요가 집중된 것으로 분석했다. 27일 한국거래소에 따르면 단일종목 레버리지·인버스 상품 상장 첫날인 이날 기준 개인투자자들은 TIGER SK하이닉스단일종목레버리지를 6909억원 순매수하며 전체 상품 16개 중 가장 많이 사들였다. KODEX SK하이닉스단일종목레버리지는 6674억원으로 개인투자자 순매수 2위를 기록했다. 동시에 전체 상품 중 거래량과 거래대금에서 1위로 나타났다. 16개 상품을 합산한 전체 거래대금과 시가총액은 각각 10조원과 5조원을 돌파했다. 상장 첫날부터 투자 열기가 과열되자 삼성전자·SK하이닉스 단일종목 레버리지·인버스 상품 전 종목에 VI도 잇따라 발동됐다. 이같은 열기는 금융투자협회 금융투자교육원 서버 마비로도 나타났다. 단일종목 레버리지·인버스 상품을 거래하기 위해 사전 의무 교육을 이수하려는 투자자들이 몰린 것이다. 실제로 이날 오전 8시쯤부터 금융투자협회 교육원 홈페이지에서는 접속 지연 현상이 빚어졌다. 이후 접속 자체가 불가능해지자 금융투자협회는 홈페이지 복구에 나섰다. 금융투자협회에 따르면 전날까지 '단일종목 레버리지·인버스 상장 상품 거래 사전교육' 신청자는 21만2000명, 수료자는 19만3843명이다. 지난 25일 이후 단 하루 만에 신청자와 수료자가 각각 6만7643명, 5만9758명 증가한 셈이다. 금융투자협회 관계자는 ""과거 일일 최고 동시 접속자 수가 4000명이어서 2배 이상인 9000여명까지 소화할 수 있도록 서버를 늘렸으나 예상보다 더 많은 사람이 몰렸다""며 ""사전 교육 시행 이후 일별 2000명, 3000명 수준으로 사람들이 늘어났는데 앞으로는 몇만 명씩 들어올 것 같다""고 말했다. 금융투자업계 전문가들은 투자자들 사이에서 삼성전자와 SK하이닉스 등 반도체 대표주에 대한 선호도가 높고 대중에게 잘 알려진 종목인 만큼 위험 부담이 낮아 수요가 몰렸다고 분석했다. 여기에 간밤 뉴욕 시장에서 미국 반도체 기업 마이크론의 주가가 급등한 점도 영향을 미쳤다고 봤다. 26일(현지시간) 마이크론은 주가가 19% 폭등하면서 사상 처음으로 시가총액 1조달러를 돌파했다. 이날 글로벌 투자은행 UBS는 마이크론의 목표 주가를 기존 535달러에서 1625달러로 3배 이상 상향했다. 이러한 투자 열기는 삼성전자와 SK하이닉스의 개별종목 수급에도 장기적으로 영향을 미칠 것으로 전망했다. 금정섭 한화자산운용 ETF(상장지수펀드)사업본부장은 ""단일종목 상품들의 초기 설정액은 약 4조~5조원 규모로 유동성공급자(LP)들이 사전에 확보한 물량이라 이날 당장은 기초자산들의 수급에 영향을 미치지 않는다""며 ""다만 해당 물량이 다 팔리고 추가적인 매수가 들어간다면 기초자산의 수급과 주가에 영향을 미칠 것으로 보인다""고 내다봤다. 특히 정규장 마감 직전 단일종목 레버리지 상품의 리밸런싱(포트폴리오 조정)에 따른 변동성을 유의해야 한다고 조언했다. 레버리지 상품은 누적이 아닌 '일간' 수익률의 2배를 추종하는 상품이기 때문에 리밸런싱이 매일 이뤄진다. 이 때문에 오후 3시20분~30분에는 거래를 피하고 최대한 장 중에 투자하라고 권고했다. 김진영 키움증권 연구원은 ""단일종목 레버리지·인버스 상품들은 매일 장 마감 무렵(순자산가치(NAV) 산출 기준 시점) 리밸런싱을 동반한다""며 ""운용 규모가 커지고 기초자산의 일간 변동률이 높아지는 상황에서는 리밸런싱으로 기초자산의 변동성이 확대될 수 있다""고 말했다.",https://n.news.naver.com/mnews/article/008/0005363631
상장 속도 늦추는 리벨리온…예심 청구 일정 8월에서 연내로 조정 [시그널],서울경제,박정현 기자,2026.05.27. 오후 5:09,"프리 IPO 유치에 역량 집중 상장 시기도 내년께로 밀려 이 기사는 2026년 5월 27일 11:08 자본시장 나침반 '시그널(Signal)' 에 표출됐습니다. 연내 증시 입성을 목표로 기업공개(IPO)를 준비하던 리벨리온이 상장 시기를 내년으로 늦춘 것으로 파악됐다. 당초 올해 8월 한국거래소에 상장 예비 심사를 청구하는 방향으로 가닥을 잡았지만 프리 IPO(상장 전 지분 투자)를 최근 마무리한 만큼 속도 조절에 나선 것으로 풀이된다. 27일 투자은행(IB) 업계에 따르면 리벨리온은 최근 예심 청구 일정을 올해 3분기에서 연내로 조정한 것으로 알려졌다. 반기보고서를 마감하는 8월에 예심을 청구하고 연내 상장을 마무리할 것이라는 관측이 지배적이었지만 이를 늦추면서 증시 입성 시기도 내년께가 될 것으로 예측된다. 리벨리온의 상장 주관사는 삼성증권과 한국투자증권이 맡고 있다. 리벨리온이 IPO 속도 조절에 나선 것은 최근 진행한 투자 라운드 영향이라는 게 업계의 중론이다. 올해 들어 투자 유치에 역량을 집중하면서 IPO 절차를 동시에 진행하기에 한계가 있었던 것으로 풀이된다. IB 업계 관계자는 “최근 3개월을 펀딩 과정에 신경쓰면서 IPO 업무를 진행하기가 어려웠을 것”이라며 “물리적으로 8월에 예심을 청구하기는 힘들 것”이라고 전했다. 일각에서는 리벨리온이 최근 대규모 투자 유치로 유동성을 확보한 점도 작용했을 것이라는 목소리도 나온다. 리벨리온은 올해 3월 프리 IPO 라운드를 마무리하면서 총 6400억 원을 유치했다. 특히 ‘국민성장펀드 직접투자 1호’로 선정되며 2500억 원을 빠르게 확보했다. 이번 투자 과정에서 리벨리온은 기업가치로 3조 4000억 원을 인정 받았다. 본격적인 상장 추진까지 시간을 확보한 만큼 리벨리온은 당분간 기업가치 제고에 힘쓸 것으로 전망된다. 삼성전자와 SK하이닉스에 걸친 밸류 체인과 성장성이 높은 평가를 받은 반면, 칩 양산을 통한 매출 규모가 미비한 점은 검증이 요구되는 부분이기 때문이다. IB 업계의 다른 관계자는 “회사 내부적으로 밸류업 준비에 집중하고 있어 연내 상장은 현실적으로 어려운 상황”이라고 했다.",https://n.news.naver.com/mnews/article/011/0004625056
"삼전·닉스 2배 레버리지, 첫날부터 ‘손바뀜 폭발’…반도체株 변동성 불씨 되나",이데일리,박순엽 기자,2026.05.27. 오후 5:08,"단일종목 레버리지 ETP 14개 합산 거래량 3억 7690만좌 상장좌수 대비 회전율 188.5%…10개 상품 100% 웃돌아 삼성전자 0.58%·SK하이닉스 1.06% 대비 손바뀜 압도 단기 매매 수요 확인…반도체 대형주 변동성 변수로 [이데일리 박순엽 기자] 삼성전자와 SK하이닉스의 일간 수익률을 2배로 추종하는 단일종목 레버리지 상장지수상품(ETP)이 상장 첫날부터 높은 회전율을 기록했다. 레버리지 상품 특성상 단기 방향성 매매에 활용되는 경우가 많은 만큼, 상장 직후부터 대형 반도체주 움직임에 베팅하려는 투자 수요가 빠르게 유입된 것으로 풀이된다. 27일 엠피닥터에 따르면 이날 상장한 삼성전자·SK하이닉스 단일종목 레버리지 ETP 14개의 합산 거래량은 3억 7690만좌로 집계됐다. 같은 상품들의 합산 상장좌수는 1억 9993만좌로, 거래량을 상장좌수로 나눈 거래량 기준 회전율은 188.5%에 달했다. 단순 계산으로 보면 상장 첫날 하루 동안 상장좌수의 1.9배에 해당하는 물량이 거래되며 손바뀜이 빠르게 나타난 셈이다. 14개 상품 중 10개는 회전율이 100%를 웃돌았다. 코스피가 이틀 연속 사상 최고치를 경신한 27일 서울 중구 하나은행 본점 딜링룸 현황판에 삼성전자와 SK하이닉스 지수가 표시돼 있다. (사진=이데일리 이영훈 기자) 개별 상품별로도 손바뀜은 활발했다. ACE 삼성전자단일종목레버리지는 거래량 263만 8992좌, 상장좌수 100만좌로 회전율이 263.9%에 달했다. ACE SK하이닉스단일종목레버리지도 거래량 255만 5704좌, 상장좌수 100만좌로 회전율 255.6%를 기록했다. 상장 첫날부터 상품 물량의 두 배를 훌쩍 넘는 거래가 이뤄진 셈이다. 대형 운용사 상품에도 거래가 집중됐다. TIGER SK하이닉스단일종목레버리지의 회전율은 225.5%를 나타냈다. KODEX SK하이닉스단일종목레버리지 역시 회전율 222.8%를 기록했다. 삼성전자 기반 상품 중에서는 TIGER 삼성전자단일종목레버리지와 KODEX 삼성전자단일종목레버리지의 회전율이 각각 151.4%, 150.6%로 집계됐다. 거래대금도 컸다. 삼성전자·SK하이닉스 단일종목 레버리지 상품 14개의 합산 거래대금은 9조 7793억원에 달했다. 특히 KODEX SK하이닉스단일종목레버리지의 거래대금은 4조 3885억원, TIGER SK하이닉스단일종목레버리지는 2조 680억원으로 집계됐다. KODEX 삼성전자단일종목레버리지와 TIGER 삼성전자단일종목레버리지도 각각 1조 9478억원, 1조 162억원의 거래대금을 기록했다. 기존 상장지수펀드(ETF) 시장과 비교해도 손바뀜 속도는 두드러졌다. 이날 ETF 전체의 거래량 기준 회전율 중간값은 1.62%에 그쳤다. 인버스·레버리지 등 일부 단기 매매형 상품을 제외하면 대부분 ETF의 하루 회전율은 한 자릿수에 머문다. 반면 단일종목 레버리지 ETP 14개의 중간값은 151.0%에 달했다. 상장 첫날부터 기존 ETF 시장과는 다른 매매 강도를 보인 셈이다. 코스피 개별 종목과 비교해도 이례적이다. 이날 코스피 종목 전체의 거래량 기준 회전율 중간값은 0.41% 수준이었다. 기초자산인 삼성전자와 SK하이닉스 현물 주식의 회전율도 각각 0.58%, 1.06%에 그쳤다. 현물 주식보다 레버리지 상품 쪽에서 실제 물량 손바뀜이 훨씬 빠르게 나타난 셈이다. 다만 높은 회전율 자체를 이례적인 투자 행태로만 보기는 어렵다는 평가다. 레버리지형 ETP는 기초자산의 일간 수익률을 배수로 추종하는 구조상 장기 보유보다 당일 또는 단기 방향성 매매에 활용되는 경우가 많다. 특히 단일종목 레버리지 ETP는 지수나 섹터가 아니라 개별 종목 하나에 수익률이 연동되는 만큼, 기초자산 주가가 크게 움직이는 날 거래가 집중되기 쉽다. 이날 SK하이닉스가 9.31% 급등하면서 SK하이닉스 기반 레버리지 상품으로 매매가 더 몰렸다. 삼성전자는 2.68% 상승했다. 기초자산 주가가 크게 움직일수록 2배 수익률을 노린 단기 자금이 유입되기 쉬운 구조다. 거래량과 거래대금 상위권도 KODEX SK하이닉스단일종목레버리지와 TIGER SK하이닉스단일종목레버리지 등 SK하이닉스 기반 상품이 차지했다. 단일종목 레버리지 ETP가 대형 반도체주의 단기 수급을 자극할 가능성도 변수다. 거래 증가가 설정·환매 확대로 이어지면 운용 과정에서 기초자산 익스포저를 맞추기 위한 헤지 수요가 커질 수 있어서다. 삼성전자와 SK하이닉스가 코스피와 국내 ETF 시장에서 차지하는 비중이 큰 만큼, 관련 상품의 매매 확대가 반도체 대형주의 변동성을 키울 수 있다는 분석이 나온다. 강송철 유진투자증권 연구원은 “지난 3월 코스닥 액티브 ETF 상장 당시 KoAct 코스닥 액티브와 TIME 코스닥 액티브는 각각 최초 설정금액 500억원으로 시작했지만, 상장 직후 거래가 급증하면서 급격한 자금 유입이 이뤄진 경험이 있다”며 “단순 비교하기는 어렵지만 이번 단일종목 레버리지·인버스 상품도 상장 이후 거래 규모와 자금 유입 동향을 지켜볼 필요가 있다”고 말했다.",https://n.news.naver.com/mnews/article/018/0006291735
코스피 8228 찍었지만 하락 종목이 90%···K자 양극화 증시,경향신문,이보라 기자,2026.05.27. 오후 5:07,"상승 종목 75개에 불과 하락 종목 826개 ‘삼전·닉스 쏠림’에 “변동성 확대 부작용” 27일 서울 중구 하나은행 딜링룸 현황판에 코스피 등이 표시되고 있다. 연합뉴스 코스피 지수가 27일 또 사상 최고치를 갈아치웠다. 그러나 이날 유가증권시장에 상장된 종목의 90% 가량이 하락하는 등 상승세가 삼성전자·SK하이닉스 등 반도체 대형주에만 집중되면서 증시의 ‘K자 양극화’가 심화하고 있다. 전문가들은 당분간 중·소형주와 코스닥시장이 소외되고 특정 업종 쏠림 현상이 이어지면서 증시 전반에 변동성이 커질 우려가 있다고 전망했다. 이날 코스피는 전날보다 181.19포인트(2.25%) 오른 8228.70에 상승 마감했다. 전날 8000선을 돌파한 지 하루 만에 사상 최고치를 또 새로 쓴 것이다. 지수는 이날 오전 5% 가까이 급등해 장중 한때 8450선까지 치솟았다. 급등세에 코스피 시장에는 오전 한때 매수사이드카(프로그램매매 매수호가 일시효력정지)가 발동되기도 했다. 이날 코스피 상승은 반도체주를 중심으로 한 미국 증시 강세, 삼성전자·SK하이닉스 단일종목 레버리지 상장지수펀드(ETF) 상장 등이 영향을 미친 것으로 풀이된다. 반도체 투톱인 삼성전자는 이날 전장보다 2.68% 오른 30만7000원에, SK하이닉스는 9.31% 폭등한 224만3000원에 마쳤다. 삼성전자와 SK하이닉스의 시가총액이 이날 기준 합산 총 33조원을 돌파하면서 코스피 전체 시가총액의 약 50%에 육박했다. SK하이닉스 시가총액은 이날 사상 처음으로 1조 달러를 넘어서며 국내에서 삼성전자에 이어 두 번째로 ‘1조 달러 클럽’에 진입했다. 반도체주 랠리에 따른 코스피 상승세가 이어지고 있지만 시장 내 양극화는 커지는 모습이다. 이날 유가증권시장에서 하락한 종목 수는 826개로, 상승한 종목(75개)의 10배가 넘었다. 보합권은 17개였다. 대형주와 중소형주 간 흐름도 달랐다. 이날 코스피 대형주 지수는 전장 대비 2.69% 상승했지만 중형주 지수는 2.96% 하락했고 소형주 지수도 3.37% 떨어졌다. 사실상 오로지 ‘삼성전자·SK하이닉스’ 두 종목이 주도하는 증시라는 뜻이다. 이경민 대신증권 연구원은 “코스피에서는 반도체 대형주 중심의 쏠림 현상이 심화되고 있다”며 “외국인 투자자는 삼성전자와 SK하이닉스를 집중적으로 순매수하며 두 종목이 코스피 강세를 견인했다”고 말했다. 코스피 시장과 코스닥 시장 간 격차도 커지고 있다. 코스닥 지수는 이날 전장 대비 39.39포인트(3.36%) 내린 1133.13에 마쳤다. 코스닥 역시 전체 종목 1822개 중 상승 종목은 192개에 불과했고 하락 종목은 1507개에 달했다. 보합 종목은 31개였다. 이재원 유안타증권 연구원은 “부익부 빈익빈 장세가 지속되고 있다”며 “코스피와 코스닥의 엇갈림이 지속되고 있다”고 말했다. 한지영 키움증권 연구원은 “앞으로도 쏠림 업종의 일시적인 차익실현 물량, 급격한 주가 되돌림, 증시 전반에 걸친 변동성 확대 등의 잠재적인 부작용에 재차 노출될 가능성이 있다”고 말했다.",https://n.news.naver.com/mnews/article/032/0003448321
"""메모리 재평가""가 쏘아올린 불기둥, 하이닉스도 시총 1조 달러 시대",오마이뉴스,류승연 기자,2026.05.27. 오후 5:06,"UBS ""AI 에이전트 진화로 수요 폭증""… 첫선 보인 '단일종목 2배 ETF' 상장 첫날 폭등 ▲ 27일 서울 중구 하나은행 본점 딜링룸 현황판에 코스피가 표시돼 있다. 이날 코스피는 전장보다 181.19p(2.25%) 오른 8,228.70으로 마감했다. ⓒ 연합뉴스 전날 처음 '8000피'에 안착했던 코스피가 반도체를 중심으로 한 급등세에 힘입어 27일에도 신고가를 썼다. 간밤 미국 뉴욕증시를 뒤흔들었던 마이크론 테크놀로지의 폭등세가 고스란히 국내 시장으로 옮겨 왔기 때문이다. 폭발적인 매수세에 사이드카도 발동됐지만 삼성전자와 SK하이닉스는 거침없이 상승했다. 여기에 삼성전자의 임금 협상안 타결 소식과 이날 첫선을 보인 단일종목 2배 레버리지 ETF의 거래량까지 맞물리면서 한국 증시는 다시 한번 기염을 토했다. 새 역사 쓴 코스피... 장중 8450선도 돌파 이날 코스피 지수는 전 거래일보다 2.42% 오른 8242.12로 출발하며 시작과 동시에 크게 상승했다. 이후 사상 처음으로 8450선을 넘어 최고 8457.09까지 치솟았다. 강력한 매수세에 한국거래소는 이날 오전 9시 6분, 매수 사이드카(프로그램 매수 호가 일시 효력 정지)를 발동했다. 코스피200 선물가격이 전일 종가 대비 5% 이상 상승한 상태가 1분 이상 지속될 때 발동되는 조치다. 코스피 시장에 매수 사이드카가 발동된 건 올해 들어 10번째다. 오후 들어 차익 실현 매물이 나오면서 장중 최고점보다 밀렸지만 코스피는 전 거래일 대비 181.19포인트(2.25%) 오른 8228.70으로 장을 마감했다. 어제 기록한 역대 최고 종가를 단 하루 만에 갈아치운 셈이다. 시장 전반의 거래량도 평소 대비 2배 넘게 늘어났다. 이날 증시를 자극한 건 미국 뉴욕증시에 상장된 마이크론 테크놀로지의 급등 소식이었다. 마이크론은 간밤 19.29% 폭등하며 시가총액 '1조 달러' 클럽에 첫발을 들였다. 이날 글로벌 투자은행(IB) UBS가 발간한 보고서 내용 때문이다. 우선 UBS 수석 애널리스트 티모시 아큐리는 마이크론 목표 주가를 기존 535달러에서 1625달러로 3배 가까이 올렸다. 그는 AI를 단순히 챗봇으로 소화하는 현 단계를 넘어, AI가 스스로 판단하고 행동하는 이른바 '에이전트' 시대가 오면 메모리 수요가 기하급수적으로 증가할 수 있다고 내다봤다. AI 에이전트가 스마트폰과 컴퓨터에 탑재되면, 모바일 DRAM과 AI용 메모리 수요가 폭발적으로 늘 수 있다는 전망이다. 동시에 AI 시대가 열리면서 메모리 반도체가 과거의 단순 경기순환형 자재를 뛰어넘어 '인프라 자산'으로 거듭나고 있다는 점, 반도체 부족을 우려한 글로벌 빅테크 기업들로부터 장기공급계약(LTA) 요구가 쏟아져 앞으로 수년간 마이크론이 안정적인 매출을 달성하게 됐다는 점 등도 근거로 제시했다. 그런데 이는 메모리 반도체 생태계를 이끌고 있는 삼성전자, SK하이닉스에 그대로 적용되는 논리다. 삼성전자, SK하이닉스 역시 빅테크 기업들로부터 LTA를 체결하자는 러브콜이 쏟아지고 있기 때문이다. 한 발 더 나아가 빅테크 기업들은 삼성전자, SK하이닉스에 생산 시설 건설과 첨단 장비 구입까지 지원해주겠다고도 제안하고 있는 상황이다. 이처럼 UBS가 띄운 '메모리 재평가' 논리는 국내 증시에서도 그대로 반영됐다. HBM 시장의 선두 주자인 SK하이닉스는 이날 전 거래일 대비 9.31% 폭등한 224만 3000원에 장을 마감했다. 장중 최고가는 236만 원까지 치솟았다. 이번 급등으로 SK하이닉스는 상장 이후 처음으로 시가총액 1조 달러(한화 약 1380조 원)를 돌파하는 신기록을 세웠다. 이로써 삼성전자에 이어 한국 증시 역사상 두 번째로 시가총액 1조 달러를 돌파했다. 삼성전자 역시 전날보다 2.68% 급등한 30만 7000원에 장을 마감했다. 특히 노사 임금협상안이 이날로 타결되면서 최대 뇌관으로 손꼽히던 '총파업 리스크'를 털어낸 것도 한몫했다(관련 기사: 삼성전자 임협 타결... 급한 불은 껐지만 노-노·주주갈등 예고 https://omn.kr/2idgf). 상장 첫날 대박난 '단일종목 2배 레버리지 ETF'… 투자에 '명암'도 이날 처음 증시에 상장된 '단일종목 2배 레버리지 ETF(상장지수펀드)' 역시 시장의 열기에 부채질을 했다. 국내 8개 자산운용사는 금융당국의 자본시장법 시행령 개정에 맞춰, 단일 우량 종목의 하루 수익률을 2배로 추종하는 ETF를 선보였다. 그동안 국내 ETF는 개별 종목 편입 비율이 30%로 제한돼 있었는데 이번에 규제가 완화되면서 국내에서도 단일 종목 100% 비중의 2배 상품 매매가 가능해졌다. 때마침 삼성전자와 SK하이닉스가 랠리를 펼치자, 2배 추종 ETF들 역시 폭발적인 수익률을 기록했다. SK하이닉스를 2배 추종하는 RISE SK하이닉스단일종목레버리지, KODEX SK하이닉스단일종목레버리지 등은 이날 기준 가격보다 각각 18.47%, 18.44% 상승했다. 삼성전자를 2배 추종하는 RISE 삼성전자단일종목레버리지, TIGER 삼성전자단일종목레버리지 등도 기준가 대비 각각 5.61%, 5.53% 올랐다. 다만 레버리지 상품은 '음의 복리 효과'를 가진 만큼 투자에 유의할 필요가 있다. 만일 기초자산인 삼성전자 주가가 오늘 10% 올랐다가 내일 10% 떨어진다고 가정해 보자. 일반 주식이라면 100원이 110원이 된 뒤 다음 날 99원이 돼 처음보다 1% 손실을 보는 데 그친다. 하지만 2배 레버리지 상품은 오늘 20%가 올라 120원이 된 뒤, 다음 날 20%가 하락하면 96원이 된다. 기초자산이 1% 빠질 때, 레버리지 상품은 4%가 깎이는 구조인 셈이다. 결국 기초자산이 매일 직선으로 오르지 않고 오르내림을 반복하면 ETF의 가치는 서서히 갉아 먹혀 원금 손실이 발생할 수 있다.",https://n.news.naver.com/mnews/article/047/0002517310
'N% 주식 성과급' 시대 연 삼성…'사회 책임'에 5조 내놓는다,머니투데이,박종진 기자,2026.05.27. 오후 5:04,"[서울=뉴시스] 여명구(왼쪽) 삼성전자 부사장과 최승호 삼성그룹 초기업노동조합 삼성전자 지부 위원장이 27일 경기 용인시 기흥 삼성전자 The UniverSE에서 2026년 임금협약을 체결하고 있다. (사진=삼성전자 제공) 2026.05.27. photo@newsis.com *재판매 및 DB 금지 /사진=류현주 삼성전자 노사가 파업 위기를 딛고 임금교섭안 합의 절차를 모두 끝냈다. 이로써 '영입이익 N% 성과급'을 전액 자사주로 지급하는 새로운 방식이 우리나라 대표기업에 도입됐다. 삼성전자 경영진도 '성과의 사회적 선순환'을 내세우며 5년간 5조원을 협력사 상생 사업 등에 투입하겠다고 발표했다. 삼성전자 노사는 27일 오후 경기 용인시 사옥에서 '2026년 임금협약 조인식'을 진행했다. 이날 오전 완료된 조합원 대상 잠정합의안 찬반 투표는 73.7%의 찬성률로 가결됐다. 성과급 논의에서 소외된 완제품 중심의 DX(디바이스경험)부문 조합원의 반발 등으로 진통을 겪었으나 조합원 다수를 차지한 DS(반도체)부문 직원들의 찬성 투표로 이변없이 통과된 것으로 보인다. 삼성전자 노사가 지난해 12월11일 노사 상견례 이후 극한 대치 속에 총파업 직전까지 치달으며 167일만에 마련한 잠정합의안은 이날부터 법적 효력을 갖게 됐다. 이번 성과급은 내년 초 지급된다. DS부문 특별경영성과급의 경우 영업이익의 10.5%가 재원이다. 배분은 반도체 전체에 40%, 이익을 낸 사업부에 60%가 각각 이뤄지도록 정해졌다. 당초 '영입이익 N% 성과급'이 몰고 올 후폭풍에 대한 우려가 컸지만 현금 살포가 아닌 자사주 보상체계로 합의하면서 부작용을 줄인게 눈의 띄는 대목이다. 회사의 미래 가치가 직원들의 자산과 직결되는 구조를 만들어 중장기적 성장 전략 추진과 실행력에 힘을 실었다는 평가다. 아울러 삼성전자는 이날 사회적 책임 강화 방안도 내놨다. 국가적 역량결집의 산물인 반도체 산업의 천문학적 이익을 임직원들만 독식한다는 비판을 의식한 조치다. 삼성전자 사장단은 입장문을 내고 ""이번 일을 계기로 '사업보국'와 '인재제일'이라는 삼성의 경영 철학을 돌아보게 됐다""며 ""향후 5년간, 총 5조원을 조성해 '상생 및 건전한 생태계 조성'과 '미래 인재 육성'에 투자하겠다""고 밝혔다. 구체적으로는 2, 3차 중심의 중소 협력사 지원과 산업재해기금 조성, 취약계층과 영세자영업자를 위한 포용적 금융 확대, AI(인공지능) 인재 육성을 위한 산학협력, 청소년 교육 등을 검토한다. 최종적 기여 방식은 이사회와 준법감시위원회의 논의를 거쳐 결정될 예정이다. 사장단은 ""삼성은 앞으로 우리 사회에서 어떤 역할을 해나가야 할지, 국민의 기대와 눈높이를 생각하며 보다 근본적인 고민도 해나가겠다""고 약속했다.",https://n.news.naver.com/mnews/article/008/0005363620
"[투자 노하우] AI 메모리 왕좌, 다음 2조달러 클럽 주인공은?",,,2026.05.27. 오후 5:03,"■ 오늘 경제 안녕하십니까? '투자 노하우' - 민재기 KB증권 프라임클럽 팀장 간밤 뉴욕증시 S&P500과 나스닥은 메모리주 상승에 사상 최고치를 경신했습니다. 영상 먼저 보고 오시죠. 금리인하 기대가 낮아진 가운데 시장에 영향을 줄 주요 기업 이슈들 짚어보겠습니다. 민재기 KB증권 프라임클럽 팀장님 모셨습니다. Q. 오늘(27일) 뉴욕지수 상승을 이끈 주역은 아무래도 메모리주였습니다. 시장이 주목하는 건 아무래도 UBS가 목표주가를 약 3배 상향한 '마이크론'인 듯합니다. 목표주가 3배 상향 적정하다고 보시는지? - AI 메모리 왕좌, 다음 2조달러 클럽 주인공은? - 뉴욕증시, 종전협상 관망하며 혼조로 마감 - S&P500·나스닥, 메모리주 급등에 상승 마감 - 필라델피아 반도체지수 12,876.91…5.53% - 마이크론 테크놀로지, 895.88달러 정규장 마감 - 마이크론 테크놀로지, 19.29% 상승 마감 - UBS, 마이크론 목표 주가 1천625달러 대폭 상향 - UBS, 마이크론 목표 주가 3배가량 상향 조정 - UBS ""마이크론, 정상적인 밸류 배수 부여받을 것"" - UBS ""AI 메모리 산업 전반 변화 구체화될 것"" - UBS ""마이크론에 대한 재평가 지속될 것"" - 메모리 반도체 기업, 12개월 선행 PER 낮은 수준 머물러 - TIGER SK하이닉스 레버리지, 상장 첫날 18.56%↑ - TIGER 삼성전자 레버리지, 상장 첫날 5.53%↑ - KODEX SK하이닉스 레버리지, 상장 첫날 18.44%↑ - KODEX 삼성전자 레버리지, 상장 첫날 5.52%↑ Q. 삼성전자는 파업리스크 해소에 주가 정상화를 기대하고 있는데요. 레버리지 상품까지 나온 가운데... 어느 선까지가 정상화로 보시는지? 어느 선을 넘어가면 과열로 봐야 할지? - 파업 리스크 해소한 삼전 50만전자 가나 - 삼성전자, 파업 리스크 해소로 주가 정상화 기대 - 삼성전자 노사 잠정 합의안 찬반투표 통과 - 삼성전자 노사 73.7%, 2026 임금협상안 찬성 - 신한투자證 ""노사 우려 해소, 밸류 정상화"" - 삼성전자 주가 50만원 기대까지…적정 주가 어디? Q. AI 랠리에 마이크론, sk하이닉스, 삼성전자 모두 시총 1조 달러에 진입했습니다. 다음 2조 달러는 어느 기업이 먼저 도달할지? - SK하이닉스, 발열 확 낮춘 iHBM 신기술 공개 - 삼성·하이닉스·마이크론, 2조달러 클럽 주인공은? - SK하이닉스, 시총 1조달러 클럽 등극한 상황 - SK하이닉스, 삼성전자 이어 국내 두번째 시총 1조달러 - 美시총 사이트, SK하이닉스 시총 1조달러 집계 - 글로벌 시총 1~5위, 엔비디아·알파벳·애플 등 - 글로벌 시총 6~10위, TSMC·아람코·테슬라 - 마이크론, 삼성전자에 이어 시총 1조달러 클럽 Q. 각 증권사에서 삼성전기 목표가를 상향했습니다. 전압 안정 핵심 부품인 MLCC 가격 인상으로 삼성전기도 그 수혜를 받을지? - D램 다음은 MLCC, 삼성전기 목표가 200만원까지 - 증권사, 삼성전기 목표주가 잇따라 상향조정 - MLCC(적층세라믹콘덴서) 가격 상승 초입 분석 - 삼성전기, 1.5조원 규모 실리콘 캐패시터 공급계약 - 삼성전기, AI용 FC-BGA 패키지 기판 증설 기대감 - 삼성전기 급등…AI 부품 수주·패키지 기판 증설 기대 - 실리콘 커패시터, 고온·고주파 환경서 안정적 작동 - 실리콘 커패시터, AI GPU·ASIC 전력 효율 개선 - 삼성전기, 세종·부산 반도체 패키지 기판 라인 신설 - 신한證 ""삼성전기 목표주가 200만원으로 상향"" - 신한證 ""삼성전기, 현재 밸류에이션 재평가 중"" - SK證 ""삼성전기 목표주가 200만원으로 상향"" - SK證 ""삼성전기, MLCC 가격 인상 효과 기대감"" Q. AI 에이전틱 시대에 메모리 수요 부족 다음 '기판' 수요 부족을 우려하고 있는 가운데 KB증권은 LG이노텍의 목표주가를 상향했습니다? 연초에는 26만 원이었는데... 이미 많이 오른 상황은 아닌지? - KB증권 ""LG이노텍, AI 기판 공급 부족 수혜"" - KB증권 ""LG이노텍, 목표가 120만원서 160만원으로"" - KB증권 ""기판 공급 병목, 메모리 산업과 닮아"" - KB증권 ""빅테크, 기판 공급 부족에 LTA 대응"" - KB증권 ""기판 공급 부족, 2년 내 해소 어려워"" - LG이노텍 장중 '황제주' 등극…사상 최고가도 경신 - AI 투자 슈퍼사이클, 메모리서 기판으로 옮겨가 - 하나證 ""LG이노텍 목표주가 130만원으로 상향"" - SK하이닉스, 발열 잡는 iHBM 솔루션 기술 공개 - SK하이닉스 iHBM 기술, HBM5부터 적용 예정 - iHBM, 패키지에 일체형 냉각요소 ICE 포함 Q. AI 발전과 중동전쟁으로 IT부품에 시장은 주목하고 있습니다. 다음으로 주목할 IT 부품에는 어떤 것이 있는지? - 이란 전쟁으로 부품 공급망 차질…IT 가격 상승 전망 - 골드만삭스 ""인쇄회로기판업체(PCB) 가격 주목"" - 골드만삭스 ""PCB 가격 지난달 최대 40% 급등"" - 고유가·고금리 완화로 반도체 포함 IT 주목 - 매크로 불안 해소…IT 업종 비중확대 의견도 Q. 시장은 스페이스X 상장을 기대하고 있습니다. 이 우주산업에 필요한 전력 확보 수단으로 태양광을 주목하고 있는 가운데... 이 태양광 핵심소재인 폴리실리콘을 생산하는 기업에 시장은 주목하고 있다고요? - AI 데이터센터·우주 산업서 막대한 전력 필요 - 하나證 ""OCI홀딩스, 태양광 美에너지 안보자산 재평가"" - 하나證 ""OCI홀딩스, 가치 올라갈 것…매수 의견"" - 하나證 ""AI데이터센터·우주산업, 막대한 전력 필요"" - 하나證 ""막대한 전력 수요 확보 위한 태양광 주목"" - 하나證 ""OCI홀딩스, 폴리실리콘 생산 기업"" - OCI홀딩스, 태양광 핵심 소재 폴리실리콘 역할 확대? - (자세한 내용은 동영상을 시청하시기 바랍니다.) 당신의 제보가 뉴스로 만들어집니다. SBS Biz는 여러분의 제보를 기다리고 있습니다. 홈페이지 = https://url.kr/9pghjn",https://n.news.naver.com/mnews/article/374/0000512546
"허남구 에임드바이오 대표 ""1조 딜 근거 노블 타깃 ADC"" [현장+]",블로터,이승준 기자,2026.05.27. 오후 5:02,"27일 서울 송파구 문정동 한스바이오메드에서 열린 제7회 문정바이오CEO포럼에서 허남구 에임드바이오 대표가 기자의 사진 촬영 요청에 응하고 있다. /사진=이승준 기자 ""노블 타깃에 대한 항체약물접합체(ADC) 수요가 굉장히 많다. 상업적으로 성공했을 때 시장가치가 1조4000억원으로 측정된 것 같다. 총액에 있어서는 잠재적 시장이 중요하기 때문이다."" 27일 서울 송파구 문정동 한스바이오메드에서 열린 제7회 문정바이오CEO포럼에서 <블로터>와 만난 허남구 에임드바이오 대표는 이같이 ODS025의 가치 근거를 제시했다. 그는 이날 별도의 발표 세션을 맡지는 않았지만 행사장이 회사 근처에 있어 잠깐 방문했다고 설명했다. ODS025 가치 근거는 '노블 타깃' 제7회 문정바이오CEO포럼 시작 전 행사장 전경 /사진=이승준 기자 허 대표의 발언은 ODS025의 계약이 비공개 신규 표적의 상업성 평가에서 출발했다는 뜻으로 풀이된다. 에임드바이오는 지난해 10월 베링거인겔하임에 ODS025를 총 9억9100만달러 규모로 기술이전(LO)이다. 다만 표적과 계약 세부조건은 비밀유지조항에 따라 공개되지 않았다. ODS025는 이달 연구개발(R&D)비 청구와 임상시험계획(IND) 신청이 이어지며 LO 계약의 후속이행 흐름을 드러냈다. 회사는 6일 베링거인겔하임과 ODS025의 LO 계약에 따라 R&D비를 청구했다. 청구금액은 비공개지만 최소 수십억원대로 추정된다. 2025년 연결 영업수익 473억원의 10% 이상이라고 밝혔다. 이날은 미국 식품의약국(FDA) 임상1상 IND 신청도 공시했다. 그의 설명은 회사가 강조해온 ADC 개발전략과도 연결된다. 에임드바이오는 삼성서울병원 스핀오프 기업으로 환자유래세포(PDC)·환자유래이종이식모델(PDX)로 표적·항체를 검증한다. 자체 링커·페이로드 조합으로 후보물질을 설계하는 P-ADC 플랫폼을 핵심 경쟁력으로 제시한다. 허 대표는 ""바이오헤이븐에서 하고 있는 임상1상이 중간결과라도 공개되지 않을까 싶다""며 ""오늘 공시한 바와 같이 베링거인겔하임에 LO했던 IND를 제출했다""고 밝혔다. 이어 ""바이오헤이븐도 상장사라 따로 정보를 알 수 있지 않지만 따로 국내 임상 등 협력할 수 있는 부분에 대해서 논의 중""이라며 ""그 부분에서 일부 업데이트가 있을 것으로 예상한다""고 덧붙였다. 바이오헤이븐 임상 업데이트 촉각 /구글 제미나이의 도움을 받아 시각화하고 기자가 최종 검토·확인해 제작한 그래픽입니다. 그래픽에 포함된 데이터와 내용은 기자가 직접 취재한 결과물입니다. 올해 가장 먼저 드러날 임상 검증 이벤트는 바이오헤이븐이 개발 중인 AMB302의 임상1상 중간 업데이트다. AMB302는 섬유아세포성장인자수용체3(FGFR3) 과발현 또는 변이·융합 양성 고형암을 겨냥하는 ADC다. 에임드바이오가 2024년 12월 바이오헤이븐에 LO한 자산이다. 바이오헤이븐 주도 임상은 에임드바이오가 직접 통제할 수 없다는 한계와 글로벌 상장사 파트너의 개발역량을 함께 보여준다. 공개 시점과 범위는 바이오헤이븐의 판단에 좌우되며 국내 투자자는 파트너사가 여는 R&D 행사와 학회 발표를 통해 진행 상황을 확인해야 한다. 다만 국내 임상 협력 논의 가능성을 언급하면서 국내 환자군 접근성을 활용할 여지는 남겼다. AMB302의 데이터는 사업모델을 평가하는 핵심근거다. 회사는 전임상 또는 초기 임상 단계에서 파트너를 확보하고 후기개발 위험을 분산하는 전략을 써왔다. 시장은 AMB302, AMB303, ODS025 등 이미 LO된 자산과 추가 후보물질의 전임상 진입을 하반기 투자 포인트로 본다. 정이수 IBK투자증권 애널리스트는 ""에임드바이오는 ADC 항암제를 임상진입 이전단계에서 LO하며 누적 3조원의 계약을 통해 기술력을 입증했다""며 ""올해 실적 전망치를 2배 이상 상향했으며 영업흑자를 이어갈 것""이라고 전망했다. 또 ""하반기 ODS025의 임상1상 진입, 바이오헤이븐의 AMB302 임상1상 중간 결과 발표, AMB303의 임상1상 승인이 예상된다""고 부연했다. 'AMB303 IND'로 넓히는 임상 축 /구글 제미나이의 도움을 받아 시각화하고 기자가 최종 검토·확인해 제작한 그래픽입니다. 그래픽에 포함된 데이터와 내용은 기자가 직접 취재한 결과물입니다. AMB303에 대한 허 대표의 발언은 ODS025에 이어 에임드바이오의 임상단계 자산 수가 추가로 늘어날 가능성을 암시한다고 평가받는다. ODS025 이후 에임드바이오의 두 번째 올해 임상시험계획(IND) 제출 후보로 제시됐다. 이 자산은 수용체티로신키나제유사고아수용체1(ROR1) 과발현 고형암과 혈액암을 겨냥하는 ADC다. SK플라즈마와 공동개발·라이선스 계약을 맺었다. SK플라즈마와의 계약은 개발과 권리를 함께 가져가는 구조라는 점에서 기존 LO 계약과 구분된다. AMB303은 ROR1 표적 항체에 토포이소머라제1(Topo1) 저해제 페이로드를 결합한 자산이다. 임상 진입 이후 초기 안전성과 효능 신호가 공동개발 구조의 사업성을 가를 변수다. 에임드바이오의 올해 과제는 LO 계약을 임상 이벤트와 수익 이벤트로 이어가는 속도를 입증하는 데 있다. 회사는 1분기 매출 85억원 중 LO 수익이 84억원으로 98.6%를 차지했다. 단기금융상품과 현금성자산을 합친 유동성은 762억원으로 후속 임상과 전임상 후보물질 개발을 병행할 재무여력을 갖춘 상태로 평가받는다. 다만 R&D비는 109억원으로 매출을 웃돌았다. 허 대표는 ""SK플라즈마와 공동개발 및 라이선스 계약했던 프로그램은 올해 하반기에 IND를 제출할 예정""이라며 ""올해 IND 2개를 예상하고 있다""고 설명했다. 이어 ""심리스한 개발을 위해 SK플라즈마와 개발을 이어가고 라이선스는 공동으로 소유하는 구조로 합의했다""고 덧붙였다. 한편 이날 행사는 비상장 바이오기업의 생존전략과 성장 시스템 개선 방향을 논의하는 행사로 마련됐다. 업계 최고경영자(CEO)와 관계자들이 참석 대상이었다. 조용준 동구바이오제약 회장, 이병건 플래그십파이오니어링 고문, 이승규 한국바이오협회 부회장 등이 참석했다. 이날 이 회장은 문정바이오CEO포럼의 성장과 발전에 기여한 공로를 인정받아 위촉장을 수여했다",https://n.news.naver.com/mnews/article/293/0000085389
"한화오션, 캐나다 잠수함 수주 막판 총공세…獨 맹추격",전자신문,조성우 기자,2026.05.27. 오후 5:01,"한화오션이 건조한 장보고 III Batch-2 잠수함. 한화오션 한화오션이 최대 60조원 규모 캐나다 차세대 잠수함 사업(CPSP) 수주를 위한 막판 총력전에 돌입했다. 수주전 결과 발표 전 사실상 마지막 전시회에서 기술력을 적극 홍보하고 현지 협력 강화에 나선다. 업계에서는 한화오션이 독일 티센크루프마린시스템즈(TKMS)와 경쟁에서 다소 불리한 구도였지만 공격적인 활동을 통해 역전의 발판을 마련했다는 평가가 나온다. 27일 관련 업계에 따르면 캐나다 정부는 다음 달 CPSP의 우선협상대상자를 선정할 예정이다. CPSP는 최대 12척의 차세대 잠수함을 도입하는 사업으로, 건조 비용과 유지·보수·정비(MRO) 비용을 포함하면 사업 규모가 총 60조원에 달할 것으로 추산된다. 한화오션은 CPSP를 두고 독일의 TKMS와 수주전을 벌이고 있다. 수주전 결과 발표가 임박한 만큼 한화오션은 현지 홍보 역량을 최대치로 끌어올리고 있다. 우선 한화오션은 27~28일(현지 시간) 캐나다 최대 방산 전시회인 'CANSEC 2026'에 참가한다. 이 행사에서 한화오션은 현존 디젤 잠수함 가운데 최고 수준의 성능을 갖춘 '장보고-Ⅲ 배치(Batch)-Ⅱ'를 앞세워 기술력을 홍보할 계획이다. 또 행사 기간에 수전 홀트 뉴브런즈윅주 총리 등 현지 주요 인사들과 회동하며 네트워크 강화에도 박차를 가한다. 캐나다 경제 협력을 위한 제안도 이어지고 있다. 캐나다 자동차부품제조협회(APMA)와 군용 및 산업용 차량을 생산하는 합작법인 설립과 장기 연구·혁신 거점인 '한화 북극·방산혁신센터(HADIC)' 설립 등을 추진 중이다. 캐나다 대형 건설사 PCL 컨스트럭션과 CPSP를 위한 '팀 합의서'를 체결하는 등 현지 기업과 협력도 확대하고 있다. 한화오션은 기술력과 납기 측면에서 경쟁력을 갖추고 있다는 점도 강조하고 있다. 이번 사업에 제안한 장보고-Ⅲ 배치-Ⅱ는 '공기불요추진장치(AIP)'와 리튬이온 배터리를 적용해 3주 이상 수중 작전이 가능하며 최대 7000해리(약 1만2900㎞)를 운항할 수 있다. 아울러 다수의 잠수함 건조 실적을 바탕으로 빠른 인도가 가능하다는 점도 강점이다. 캐나다 해군 장교 출신인 글렌 코플랜드 한화오션 캐나다 지사장은 2032년까지 첫 잠수함을 인도하고 2035년까지 4척 인도를 약속했다. 업계 관계자는 “TKMS와의 경쟁에서 다소 불리한 구도였지만 판세가 변화하고 있다”며 “마지막까지 총력전을 펼치게 될 것”이라고 밝혔다. 조성우 기자 good_sw@etnews.com",https://n.news.naver.com/mnews/article/030/0003431910
"마스가 효과 아직?…올해 美 함정 MRO 수주 77%가 자국 몫, 韓은 15% 그쳐 [비즈360]",헤럴드경제,박혜원 기자,2026.05.27. 오후 5:01,"연방정부 지출공개시스템 자료 분석 총 26건의 발주 중 20건 미 조선소에 할당 韓 수주 4건…50억달러 안팎 소형 사업 미국 조선업 장벽 푸는 3개 법안 의회서 하세월 규모 떠나 이력 자체가 발판 될 수 있다는 분석도 산업통상자원부가 제작한 마스가(MASGA) 모자. [연합] [헤럴드경제=박혜원 기자] 한미 조선협력을 위한 미국 내 규제 완화에 좀처럼 속도가 붙지 못하면서, 대규모 미국 해군 유지·보수·정비(MRO) 사업 대부분을 여전히 현지 조선소들이 가져가고 있는 것으로 나타났다. 27일 미국 연방정부 지출공개시스템(USAspending)에 따르면 올해 1월 1일 이후 사업이 시작된 미국 해군 발주 함정 MRO 사업은 총 총 26건이었다. 국적별로 보면 미국 현지 조선소가 수주한 사례가 20건(77%)으로 가장 많았다. 다음으로 한국은 4건(15%), 바레인 2건(8%)이었다. 국내 업체들의 경우 HD현대중공업과 함정 MRO 업무협약을 맺은 선진엔텍이 69만7660달러 규모 군수지원함인 ‘USNS 사카가위함’ 정비 사업 등을 수주했다. 한화오션도 마찬가지로 군수지원함인 ‘USNS 리처드 E. 버드함’ 정비 사업을 36만10달러에 수주했다. 다만 일각에선 현지 규제가 아직 풀리지 않은 탓에, 미국 해군 MRO 일감을 국내 업체들이 본격적으로 수주하는 데에 한계가 있다는 지적도 나온다. 미국 현행법상 미국 소유 군함은 해외 업체가 수리하거나 건조할 수 없도록 돼 있다. 이 때문에 국내 업체들은 주로 일본에 배치되는 미국 해군 제7함대 소속 함정 정비 사업만을 수주하고 있다. 선박 종류 역시 무기가 배치된 함정이 아닌, 탄약 등을 운반하는 지원함이다. 실제로 대규모 MRO 사업은 여전히 미국 현지 조선소가 가져가고 있다. 올해 발주된 8900만달러 규모의 미국 해군 병원선 ‘USNS 머시’ 정비 사업, 2819만달러 규모의 군수지원함 ‘USNS 로버트 F. 케네디함’ 정비 사업 등은 모두 미국 현지 MRO 업체인 비거마린, 디티엔스 조선소 등이 수주했다. 다만 사업 규모를 떠나 사업 수행 이력 자체를 미국 조선업 협력 발판으로 삼을 수 있다는 분석도 나온다. MRO 사업을 통해 미국 시장에 진입하고 신뢰를 확보해 향후 후속 사업으로 이어질 수 있다는 기대다. 조선 업계 관계자는 “현재 국내 업체들이 수주하는 MRO 일감은 당장의 수익성보단, 현지와의 협력 관계를 구축하는 효과가 더 크다”고 설명했다. 힌퍈 현재 미국 의회에선 해외 업체들의 미국 조선업 진출 관련 규제를 완화하는 법안 3개가 논의되고 있다. 해외에서의 미국 군함 건조·수리를 금지하는 반스-톨레프슨법(Byrnes-Tollesfson Act) 개정안, 내항선 시장을 동맹국에 개방하는 존스법(Jones-Act) 개정안, 미국 조선소에 투자하는 기업에 세제 혜택 등을 주는 미국 조선업 강화법(SHIPS for America Act)이다. 해당 법안들은 일자리 감소 등을 우려한 지역 이해관계로 의원들이 반대하면서 의회 문턱을 넘지 못하고 있다.",https://n.news.naver.com/mnews/article/016/0002648874
조선엔진의 변신은 무죄…데이터센터 붐에 제2의 특수 오나 [비즈360],헤럴드경제,고은결 기자,2026.05.27. 오후 5:01,"고부가 선박 엔진 호황에 수익성 개선 AI 데이터센터발 수혜에 증설 사이클 도래 기대 병목 현상에 납기 짧은 중속 엔진 부상 수요 급증 흐름에 생산능력 확충 검토 전망 HD현대중공업 선박엔진 공장 전경. [HD현대중공업 제공] [헤럴드경제=고은결 기자] 국내 주요 조선 엔진업체들이 액화천연가스(LNG)선 호황을 넘어, 인공지능(AI) 데이터센터 확산에 따른 전력 인프라 수혜를 받고 있다. 최근 고부가 선박용 물량 확대로 호실적을 내고 있는 가운데, 데이터센터용 발전 엔진이 부상하며 업계 전반에 걸쳐 증설 사이클이 도래할 것이란 관측이 나온다. 27일 업계에 따르면 올해 1분기 HD현대중공업 엔진기계사업 부문 영업이익은 1852억원으로 전년 동기 대비 30.6% 늘었고, 특히 영업이익률은 21%로 20%를 상회하는 높은 수익성을 기록했다. 한화엔진은 올 1분기 영업이익이 514억원으로 1년 전보다 130.5% 증가했다. 1분기 조업일수 감소에도 LNG선 등 선박용 이중연료(DF) 엔진 수요가 늘며 고수익 제품 비중이 확대된 결과로 풀이된다. 전력 병목 현상 심화…중속 엔진 대안 부상 업계는 기존 선박 엔진의 호황에 더해 육상 AI 데이터센터발 전력난 수혜까지 받을 것으로 보고 있다. 국제에너지기구(IEA)는 글로벌 데이터센터 전력 소비가 2025년 485테라와트시(TWh)에서 2030년 950TWh로 불과 5년 만에 두 배 가까이 늘 것으로 봤다. 여기에 전 세계 주요 빅테크들의 데이터센터 투자가 지난 5년간 연평균 27%씩 성장했고, 향후 3년간 17%의 추가 성장이 예상되나 물리적 인프라 공급이 부족한 실정이다. 특히 데이터센터 전력 공급의 핵심인 대형 가스터빈은 GE 베르노바, 미쓰비시중공업, 지멘스 에너지 등 주요 글로벌 업체들의 납기가 이미 2029년 하반기 수준까지 밀려있다. 미국 현지의 신규 발전원 계통 연계 역시 평균 4~8년이 걸리는 등 심각한 병목 현상이 나타나고 있다. 이에 상대적으로 납기가 짧고, 가혹한 환경에서도 장기간 운영이 검증된 중속 엔진을 여러대 묶어 데이터센터에 직접 전력을 공급하는 ‘온사이트(현장) 발전’ 방식이 대안으로 주목된다. 발전 시설을 데이터센터와 함께 건설하면, 기존 대형 발전소-육상 데이터센터 체제에서 송배전 과정 시 발생하는 막대한 전력 손실도 피할 수 있다. 수요 급증에 생산능력 확충 검토 실제로 선도 업체인 핀란드 엔진업체 바르질라는 최근 미국 데이터센터향 엔진 공급 계약을 연달아 수주했다. 또한 국내에서는 독자 기술을 갖춘 HD현대중공업이 시장에서 속도를 내고 있다. HD현대중공업은 지난달 미국 에너지 개발업체 에이페리온 에너지 그룹(AEG)과 20메가와트(MW)급 ‘힘센(HiMSEN)’ 엔진 기반 발전 설비 공급 계약을 체결한 바 있다. 총 공급 규모는 684MW, 계약 금액은 6271억원 규모로 HD현대중공업이 체결한 발전용 엔진 계약 중 최대 규모다. 데이터센터향 엔진은 주로 18~25MW급 고출력과 100% 가스 가동이라는 까다로운 스펙을 요구하는데, 현재 국내 엔진 업체 중 이 두 가지 요건을 모두 충족하는 설비를 자체 제작할 수 있는 곳은 HD현대중공업이 유일하다. HD현대중공업이 2000년 독자 개발한 힘센엔진은 전 세계 선박 추진·발전용 중속 엔진 시장에서 점유율 1위다. 현재 엔진기계 사업부는 연간 3기가와트(GW) 수준의 캐파를 보유하고 있지만 그룹 내 선박 수주 물량 대응만으로도 부하가 높은 것으로 알려졌다. 이와 관련해 회사는 최근 1분기 실적 발표 컨퍼런스콜에서 “데이터센터 발전 엔진 수요 급증에 따라 캐파 확충 옵션을 다각도로 검토 중”이라고 언급했다. 데이터센터 전력난 장기화시 증설 가능성 한화엔진 역시 지난해 4월 중속 엔진 시장 재진입을 목표로 생산능력 증설을 단행한 바 있다. 현재 선박 기준 약 40척 수준인 180대 규모의 중속 엔진 캐파를 확보했으며, 2026년 4분기 25대 인도를 시작으로 2027년 풀가동에 돌입해 한화오션과 삼성중공업 등에 납품할 예정이다. 다만 한화엔진은 아직 데이터센터가 요구하는 대형 고출력 가스 엔진 라인업을 자체 생산하지 않고 있어 관련 수요에 대한 단기 수혜는 제한적일 전망이다. IBK투자증권은 이와 관련해 “단기적인 추가 증설은 어려울 수 있으나, 데이터센터 전력난이 장기화되고 4행정 엔진 수요가 충분히 뒷받침된다면 장기적으로는 한화엔진의 증설 가능성도 배제할 수 없다”고 분석했다. 한편 일각에서는 조선사들이 해양 구조물 건조 기술을 활용해 부유식(플로팅) 데이터센터로 사업 기회가 늘 것이란 관측도 나온다. 부유식 데이터센터는 해수를 냉각수로 직접 활용해 비용을 아끼고, 부지 확보 과정의 마찰을 피할 수 있어 또 다른 대안으로 꼽힌다. 삼성증권은 “부유식 데이터센터는 아직 상용화 사례가 많지는 않지만 전력 인프라 공급 속도로 인해 조선사들의 데이터센터 관련 사업 기회는 확장될 것”이라고 예상했다.",https://n.news.naver.com/mnews/article/016/0002648873
상반기 만에 작년 실적 넘어선 LNG선…제2 슈퍼사이클 기대감,전자신문,조성우 기자,2026.05.27. 오후 5:01,"HD현대중공업이 건조해 인도한 초대형 LNG운반선. HD현대 지난해 주춤했던 액화천연가스(LNG) 운반선 발주가 다시 살아나고 있다. 국내 주요 조선사들은 이미 지난해 연간 LNG운반선 수주량을 넘어섰다. 중동 지정학적 리스크로 인한 에너지 공급망 다변화가 주요 요인으로 지목되는 가운데 하반기 미국의 LNG 프로젝트가 본격화되면 더 많은 LNG운반선 발주가 나올 것으로 보인다. 27일 관련 업계에 따르면 HD한국조선해양, 삼성중공업, 한화오션 등 주요 조선사가 현재까지 수주한 LNG운반선(LNG-FSRU 1척 포함)은 총 33척이다. 구체적으로 HD한국조선해양 16척, 삼성중공업 12척(LNG-FSRU 1척 포함), 한화오션 5척이다. HD한국조선해양과 삼성중공업은 상반기가 채 지나지 않은 시점에서 지난해 연간 LNG운반선 수주량을 넘어섰다. 양사는 지난해 각각 7척, 11척을 수주했다. 한화오션은 지난해 13척을 수주했다. 주춤했던 LNG운반선 발주가 늘어난 배경으로는 중동의 지정학적 리스크가 꼽힌다. 미국-이란 전쟁으로 인한 에너지 공급망 다변화에 대한 필요성이 높아졌다. 미국과 호주 등을 중심으로 LNG 공급 확대가 추진되면서 LNG운반선 수요도 늘고 있다는 것이다. 향후 에너지 공급망 다변화와 더불어 미국이 루이지애나 등 LNG 프로젝트를 본격화함에 따라 LNG운반선 발주는 크게 늘어날 것이라는 전망이다. 또 캐나다를 비롯한 다른 지역의 LNG 프로젝트에도 속도가 붙을 것으로 보여 LNG운반선 시장이 다시 슈퍼사이클에 진입할 수 있다는 기대도 나온다. 국내 조선사들 역시 기대감을 나타내고 있다. LNG 운반선은 영하 162도의 극저온을 견딜 수 있는 설계와 고도의 화물창 기술이 필요한 대표적인 고부가가치 선종으로 꼽힌다. 국내 조선사의 글로벌 LNG운반선 점유율은 70% 이상이다. 업계 관계자는 “미국-이란 전쟁 이후 LNG운반선 발주에 대한 문의가 늘어나고 수주로도 연결되고 있다”라며 “미국의 LNG 프로젝트가 본격화되는 등 꾸준한 LNG운반선 수주가 가능할 것”이라고 밝혔다. 조성우 기자 good_sw@etnews.com",https://n.news.naver.com/mnews/article/030/0003431909
"[단독] 한화 견제 나선 KAI 노조 ""한국수출입은행 만나 대주주 역할 요구""",디지털데일리,최민지 기자,2026.05.27. 오후 5:01,"한화에어로, KAI 지분 6.17%대로 확대…KAI 노조, 한국수출입은행과 면담 한국항공우주산업(KAI) 건물 전경. [사진=KAI] [디지털데일리 최민지기자] 한화가 한국항공우주산업(KAI) 지분을 확대하는 가운데 KAI 노동조합이 27일 최대주주인 한국수출입은행을 직접 찾았다. KAI 노조 집행부는 이날 오후 2시 한국수출입은행과 면담을 진행했다. 이번 방문은 앞서 노조가 한국수출입은행 측에 전달한 질의서에 대한 답변을 직접 듣기 위해 마련됐다. 앞서 KAI 노조는 황기연 한국수출입은행장 앞으로 질의서를 보내 한화의 지분 확대에 대한 공식 입장과 경영 참여 가능성에 대한 견해를 요구했다. KAI 노조 관계자는 ""한국수출입은행과 만나 대주주 역할을 책임지고 해달라고 요청했다""고 말했다. 이날 한국수출입은행은 KAI 노조 측에 한화의 KAI 지분 매입을 현재까지는 투자 목적 차원으로 보고 있다는 입장을 전달한 것으로 알려졌다. 다만 한화가 지속적으로 지분을 확대하고 있는 만큼 향후 상황을 계속 지켜보겠다는 입장도 함께 밝힌 것으로 전해졌다. 특히 한화가 사전 합의 없이 경영 참여를 시도하더라도 최대주주인 한국수출입은행이 더 큰 영향력을 행사할 수 있다고 판단하고 있다. 현재 KAI 최대주주는 지분 26.41%를 보유한 한국수출입은행으로 한화 측보다 훨씬 많은 지분을 확보하고 있어 의결권 우위를 확보하고 있다. 업계에서는 정부 정책 방향과 한국수출입은행의 판단이 향후 KAI 지배구조 변화의 핵심 변수가 될 것으로 보고 있다. 앞서 한화 측은 KAI 지분을 늘리며 단순 투자에서 경영 참여로 보유 목적을 변경했다. 특히 한화에어로스페이스는 지난 13일부터 22일까지 장내 매수를 통해 KAI 주식 104만7635주를 추가 확보하며 지분율을 기존 5.09%에서 6.17%로 끌어올렸다. 연말까지 5000억원을 투자해 KAI 지분율을 8%대로 확대하겠다는 계획이다. 한화와 KAI 결합이 현실화될 경우 육·해·공·우주를 아우르는 대형 방산기업 탄생으로 글로벌 경쟁력이 강화될 수 있다는 전망이 나온다. 반면 독과점 심화, 경쟁 생태계 훼손, 이해상충 문제 등이 발생할 수 있다는 지적도 제기된다. KAI 노조는 경쟁 관계인 한화가 경영에 참여할 경우 핵심 사업 정보 유출과 사업 방향 왜곡 가능성이 있다고 반발하고 있다. KAI 노조 관계자는 ""한화 측이 장내 매수를 통해 자기 자금으로 주식을 매입하는 것을 막을 방법은 현실적으로 없다""며 ""주식을 사더라도 경영 참여를 하지 말라는 것이 노조 입장""이라고 전했다.",https://n.news.naver.com/mnews/article/138/0002229089
"[단독] VAC, ‘기회추구형’ 투자 속도… 회생기업 코다코에 500억 DIP 대출",조선비즈,배동주 기자,2026.05.27. 오후 5:01,"VAC·한투PE, 500억 규모 DIP 대출 계약 천안·안성공장 담보… 금리 연 10% 초반 회생 졸업 후 은행권 대환으로 회수 계획 VAC, 펀드 결성 5개월여 만에 절반 집행 이 기사는 2026년 5월 27일 15시 31분 조선비즈 머니무브(MM) 사이트에 표출됐습니다. 사모신용펀드(PCF) 운용사 VIG얼터너티브크레딧(VAC)이 회생절차를 밟고 있는 자동차 부품 기업 코다코의 구원투수로 나섰다. 사모펀드(PEF) 운용사 한국투자프라이빗에쿼티(한투PE)와 함께 500억원 규모 긴급운영자금(DIP) 대출을 결정했다. 27일 투자은행(IB) 업계에 따르면 VAC와 한투PE는 최근 코다코와 500억원 규모 DIP 대출 계약을 체결했다. 코다코의 채무 상환 자금 지원의 일환으로, VAC는 천안·안성공장 등을 담보로 잡았다. 대출 금리는 연 10% 초반 수준으로 책정됐다. 코다코는 엔진·변속기·공조 부품 등을 제조하는 자동차 알루미늄 부품 제조 전문기업으로 1997년 설립됐다. 현대자동차그룹 2차 협력사로 한때 연 매출 3000억원, 영업이익 약 100억원을 기록하기도 했지만, 2023년 9월 회생절차에 돌입했다. 위기는 해외 진출에서 비롯됐다. 기아차의 북미 확장 행보에 맞춰 멕시코에 현지 법인을 세우고 1차 협력사로의 도약을 꾀했으나, 미국 트럼프 행정부의 관세 정책 등이 맞물리며 회사 사정이 급속도로 악화됐다. 2023년 673억원 손실을 내기도 했다. VAC는 2023년 9월 회생절차 개시 이후 코다코의 채무가 상당 부분 정리되고 사업 안정성을 확보했다는 판단을 내린 것으로 파악됐다. 특히 출자전환 등을 거쳐 한국산업은행(지분율 22.28%)이 최대 주주에 올랐고, 멕시코 법인도 매각됐다. DIP 대출이 갖는 우선변제권 특성도 VAC의 투자 판단에 작용했다. DIP 대출은 회생절차를 밟고 있는 기업이 영업을 지속하고 회생계획을 이행하기 위해 외부에서 신규 조달하는 자금으로, 법원의 승인을 받아 기존 채권보다 우선 변제되는 특성을 갖는다. VAC 로고. /VAC 제공 실적은 개선세다. 코다코는 올해 1분기 연결 기준 매출 586억원, 영업이익 6억원을 기록했다. 멕시코 법인이 빠진 국내 사업만으로 수익을 내고 있는 셈으로, 본업인 알루미늄 다이캐스팅은 전기차 경량화 수요 확대로 구조적 성장 국면에 놓여 있다. 업계에선 VAC가 기회추구형(Opportunistic) 전략을 내세워 공격적인 투자를 이어가고 있다는 평가를 내놓고 있다. 기회추구형 전략은 주식 투자와 대출의 중간 성격을 띠며, 원금 보호 장치를 확보하면서도 10% 중후반대의 높은 수익률을 추구하는 전략이다. VIG파트너스의 크레딧 부문인 VAC는 지난해 말 3000억원 규모 블라인드펀드 결성 후 5개월여 만에 약 절반 자금을 집행했다. 앞서 프롭테크 기업 ‘직방’이 발행한 600억원 규모 신주인수권부사채(BW)를 인수했고, 이후에는 임대형 기숙사 운영기업에 600억원을 추가 투자했다. 코다코까지 3건 투자 모두 대출 형식으로 다운사이드 프로텍션(하방 안정성)을 확보한 것으로 전해졌다. IB 업계 한 관계자는 “회생절차가 종결되면 코다코는 정상 기업으로 전환되고, 은행권에서 3~4%대 금리로 차환도 가능해진다”면서 “VAC와 한투PE는 코다코 회생 졸업 후 제도권 금융 대환을 통해 투자금을 회수할 계획인 것으로 안다”고 말했다.",https://n.news.naver.com/mnews/article/366/0001167512
"한국, MSCI 신흥국 지수서 중국 제쳤다...대만과 '투톱' 체제",한국일보,신주희 기자,2026.05.27. 오후 5:01,"19년간 굴지의 1위였던 중국, 3위로 밀려 반도체 덕분에 '대만·한국' 합산 사상 최고치 ""비중 확대로 글로벌 자금 유입 규모 커질 듯"" 게티이미지뱅크 국내 증시가 빠른 속도로 질주하면서 글로벌 펀드 투자 기준(벤치마크)으로 여겨지는 모건스탠리캐피털지수(MSCI) 신흥국 지수 부문에서 한국 비중이 중국을 추월했다. 2008년부터 1위를 지켜왔던 중국은 '반도체 슈퍼사이클'을 타고 날아오른 대만과 한국에 밀려 3위로 한 계단 내려앉았다. 27일 글로벌 자산운용사 블랙록이 공시한 아이셰어즈 MSCI 신흥국 지수 상장지수펀드(ETF)의 국가별 비중을 보면 앞서 22일 기준 MSCI 신흥국 지수에서 한국이 차지하는 비중은 21.60%로, 중국(21.38%)을 꺾고 2위에 올랐다. 대만이 25.69%로 1위를 차지했다. 지난해 같은 기간 약 30% 비중으로 1위를 지켰던 중국은 올해 1월 대만에 선두 자리를 내줬고, 이어 우리나라에도 따라잡혔다. 그래픽=박종범 기자 한국과 대만의 비중 확대는 TSMC와 삼성전자, SK하이닉스 등 반도체 대형주의 주가 급등 영향이 컸다. MSCI 신흥국 지수 내 종목별 비중을 보면 TSMC가 14.28%로 가장 높았다. 뒤를 이어 삼성전자가 7.45%, SK하이닉스는 5.66%를 차지했다. 반면 중국 대표 정보기술(IT) 기업인 텐센트와 알리바바 비중은 각각 2.91%, 2.25%로, 4위와 5위에 그쳤다. 반도체 호황을 등에 업은 대만과 한국 증시가 급부상한 사이, 중국 시장은 지난해부터 도널드 트럼프 미국 대통령의 관세 압박과 미중 무역 갈등 여파로 지지부진했다. 모건스탠리캐피털은 전날 보고서에서 ""지난 몇 달 동안 MSCI 신흥국 지수는 상당한 변화를 겪었다""며""대만과 한국 비중은 사상 최고 수준인 약 48%에 달했다""고 분석했다. MSCI 신흥국 지수가 사실상 'IT 테마 지수'에 가까워졌다는 분석도 나온다. 편입 종목 가운데 IT섹터 비중이 40.88%에 이르기 때문이다. 모건스탠리캐피털은 ""지수는 주요 주가지수 가운데 반도체·IT 업종 쏠림이 가장 큰 지수가 됐다""며 ""두 시장(대만과 한국)의 비중 확대는 지수에는 우호적인 요인으로 작용하지만, 동시에 경기순환 민감도도 높인다""고 지적했다. 국내 증시 관점에서는 한국 비중 확대가 외국인 수급 변동성을 줄이는 효과를 가져올 수 있다는 기대도 나온다. 지수를 추종하는 글로벌 패시브 자금(코스피나 S&P500 등 특정 지수를 그대로 추종하도록 설계된 수동적 투자자금) 유입으로 최근 이어진 외국인 매도 압력을 흡수할 수 있다는 설명이다. 서상영 미래에셋증권 연구원은 ""최근 지수 정기 변경을 통해 우리나라 비중이 증가했다""며 ""지수 추종 자금이 유입되면서 증시에 긍정적인 영향을 미칠 수 있다""고 말했다.",https://n.news.naver.com/mnews/article/469/0000932999
삼전닉스 2배 ETF 출격…코스피 껑충,파이낸셜뉴스,최두선 기자,2026.05.27. 오후 5:00,"단일종목 ±2배 ETF·ETN 18종 동시 상장 교육원 서버 마비…장 막판 변동성 확대 우려 [파이낸셜뉴스] 삼성전자와 SK하이닉스를 2배로 추종하는 단일종목 레버리지 상장지수펀드(ETF)가 상장 첫 날 코스피를 8200선으로 끌어올렸다. 매수세가 몰리면서 국내 ETF 시가총액이 사상 처음으로 500조를 넘어섰다. 27일 국내 증시에 삼성전자와 SK하이닉스를 기초 자산으로 하는 단일종목 레버리지·인버스 ETF 16종이 동시 상장됐다. 상장지수증권(ETN)까지 포함하면 총 18종 규모다. 상장 첫날 시장 자금은 사실상 삼성전자와 SK하이닉스 레버리지 상품으로 집중됐다. 특히 SK하이닉스 레버리지 ETF에 매수세가 강하게 몰렸다. 이날 종가 기준 'KODEX SK하이닉스단일종목레버리지' 거래대금은 4조3872억원으로 전체 상품 가운데 가장 많았다. 'TIGER SK하이닉스단일종목레버리지'도 2조677억원을 기록했다. 개인 투자자들은 일제히 '삼전닉스 2배 베팅'에 나섰다. 개인 순매수 규모는 SK하이닉스 레버리지 ETF가 1조4000억원 수준으로 삼성전자 레버리지 ETF(6000억원대)의 두 배를 웃돌았다. 반면 기관은 주요 레버리지 ETF에서 차익 실현에 나선 모습이었다. 삼성전자가 이날 2.68% 상승 마감하면서 삼성자산운용과 미래에셋자산운용의 삼성전자 단일종목 레버리지 ETF는 5%넘게 올랐다. SK하이닉스는 9% 넘게 급등하면서 관련 레버리지 ETF 수익률도 18%를 웃돌았다. 이에 힘입어 코스피는 전 거래일보다 2.25% 오른 8228.70으로 거래를 마쳐 이틀 연속 사상 최고가를 경신했다. 장중 한때 8457.09까지 치솟으며 사상 처음으로 8400선을 돌파했고 장 초반 급등세에 매수 사이드카가 발동되기도 했다. 시장 과열 분위기는 금융투자교육원 서버 마비로도 이어졌다. 이날 오전부터 금융투자협회 금융투자교육원 홈페이지에서는 접속 지연과 로그인 오류가 반복됐다. 단일종목 레버리지 ETF 거래를 위한 교육 이수번호를 발급받으려는 투자자들이 한꺼번에 몰리면서 서버에 과부하가 걸린 것으로 풀이된다. 이날 단일종목 레버리지 ETF에 자금이 몰리면서 국내 ETF 시총이 사상 처음으로 500조원을 돌파했다. 국내 ETF 시총이 500조원을 넘어선 것은 2002년 10월 유가증권시장에 ETF가 첫선을 보인 지 24년 만이다. 이재원 유안타증권 연구원은 ""레버리지 ETF로 자금이 유입되면 해당 종목 현물 주식과 주식선물 추가 매수가 발생하면서 수급 유입 효과가 나타난다""며 ""현물 매수는 직접적인 주가 상승 압력으로, 선물 매수는 결국 현물 매수 유인으로 연결될 수 있어 상승폭을 키울 수 있다""고 분석했다.",https://n.news.naver.com/mnews/article/014/0005527168
"조선소가 이제 '원전'도 만든다…HD현대, SMR 제조 승부수",디지털데일리,김유진 기자,2026.05.27. 오후 5:00,"정기선 HD현대 회장(오른쪽)과 빌 게이츠 테라파워 창업자 겸 회장(왼쪽)이 2025년 8월22일 소형모듈원자로(SMR) 협력을 논의하고 기념 촬영을 하고 있다. [사진=HD현대] [디지털데일리 김유진기자] HD현대가 조선·해양플랜트 분야에서 축적한 기술력을 바탕으로 차세대 원전 사업까지 보폭을 넓히고 있다. 선박 건조 중심 사업 구조를 넘어 미래 에너지 시장 공략에 속도를 내는 모습이다. 26일 조선업계에 따르면 HD현대의 조선 부문 계열사인 HD현대중공업은 최근 미국 원자력 기업 테라파워와 '나트륨 원자로 공급에 대한 기본 합의서(FA)'를 체결했다. 테라파워는 마이크로소프트 창업자인 빌 게이츠가 2008년 설립한 차세대 원전 기업이다. 이번 협약으로 HD현대중공업은 테라파워의 나트륨 원자로 주기기(RES) 핵심 설비 제작·공급 우선협상 대상자로 선정됐다. 양사는 2025년 3월 '나트륨 원자로 상업화를 위한 제조 공급망 확장 전략적 협약'을 체결하고 제조 타당성과 가격 경쟁력, 인도 일정 등에 대한 공동 연구를 진행해 왔다. HD현대는 2024년 12월 테라파워로부터 원통형 원자로 용기 제작 프로젝트를 수주해 현재 제작 중이다. 해당 원자로 용기는 테라파워가 미국 와이오밍주 캐머러시에 345㎿급 규모로 설치할 4세대 소듐냉각고속로(SFR)에 탑재될 예정이다. 앞서 HD현대는 지난 2022년 11월 테라파워에 3000만달러(약 450억원)를 투자하며 차세대 에너지인 소형모듈원자로(SMR) 기술 투자에 본격적으로 나섰다. 이후 정기선 HD현대 회장이 직접 빌 게이츠 테라파워 회장과 경영진을 만나 공급망 확대와 상업화 협력 방안을 논의하는 등 사업 확대를 주도해 왔다. SMR은 증기발생기·냉각재 펌프·가압기 등 주요 기기를 하나의 용기에 일체화한 소형 원자로를 말한다. 국제원자력기구(IAEA)는 300㎿급 이하를 소형 원자로로 분류하고 있다. 업계에서는 이번 협약이 단순 실증 프로젝트를 넘어 향후 상업용 원자로 공급망으로 역할을 확대했다는 점에서 의미가 크다고 보고 있다. 또 HD현대가 기존 선박·해양플랜트 제조 기술을 활용해 원전 분야까지 사업 포트폴리오를 확대하고 있다는 분석이 나온다. ◆ 차세대 원전으로 떠오른 '소듐냉각고속로' 이번 협력의 핵심인 '나트륨 원자로'는 테라파워에서 개발한 4세대 소듐냉각고속로(SFR) 기반 원전이다. SMR의 한 종류인 SFR은 액체로 융해된 상태의 금속 나트륨을 냉각재로 사용하는 것이 특징이다. 기존 경수로나 중수로와 달리 높은 에너지의 고속 중성자를 이용해 핵분열 반응을 일으키는 방식으로 차세대 원전으로 주목받는다. 특히 냉각재로 사용되는 액체 나트륨은 끓는점이 높아 대기압 상태에서도 안정적인 운전이 가능하다. 외부 전력 공급이 끊겨 냉각 펌프가 멈추더라도 자연 순환 냉각이 가능해 후쿠시마 원전 사고와 같은 위험 가능성을 낮출 수 있다는 설명이다. 기존 경수로 원전에서 나온 사용후핵연료를 재활용할 수 있다는 점도 특징이다. 또 원자로의 연료가 되는 우라늄 이용 효율을 크게 높일 수 있고 독성이 강한 방사성 폐기물 발생량도 줄일 수 있다는 장점이 있다. 다만 나트륨이 공기나 물과 접촉할 경우 화재 위험이 있다는 점은 해결 과제로 꼽힌다. ◆ 육상 원전 넘어 SMR 선박까지…조선업계 미래 먹거리로 최근 탄소중립 흐름 속에서 조선업계는 선박에 엔진 대신 SMR을 탑재하는 원자력 추진 선박 기술 개발에도 심혈을 기울이고 있다. 이에 지난 4월 과학기술정보통신부가 개최한 'SMR 선박 기업 간담회'에는 HD현대중공업을 비롯한 한화오션, 삼성중공업 등 국내 조선 3사가 참석해 민관 합동 추진단 구성에 합의했다. 글로벌 시장조사기관 스태티스타에 따르면 올해 2월 기준 전 세계에서 운영·건설·계획 중인 SMR 시설은 미국이 45개로 가장 많았다. 이어 러시아(18개), 프랑스·중국(각 12개), 일본(10개) 순이었으며 한국은 6개가 계획 단계에 있는 것으로 집계됐다. HD현대는 지난해 2월 SMR 기술을 적용한 원자력 추진 컨테이너선 모델을 공개했다. HD현대는 2030년 개발 완료를 목표로 용융염원자로(MSR) 엔진 방식의 1만5000TEU급 컨테이너선을 개발 중이다. 업계에서는 HD현대가 육상용 원자로 기자재 공급을 넘어 향후 SMR 추진 선박 시장까지 사업 영역을 확대할 가능성에도 주목하고 있다. 업계 관계자는 ""HD현대가 육상용 원자로 기자재 공급을 넘어 SMR 추진 컨테이너선 개발까지 원자력 관련 사업 범위를 넓혀가고 있는 모습""이라며 ""국내 조선사들이 단순 선박 건조를 넘어 글로벌 에너지 인프라를 설계하는 에너지 토탈 솔루션 기업으로 변화하고 있다""고 말했다.",https://n.news.naver.com/mnews/article/138/0002229087
"미래에셋 ""업계 첫 삼전·닉스 단일종목 레버리지 ETN 신규상장""",SBS Biz,이한나 기자,2026.05.27. 오후 4:59,"미래에셋증권은 삼성전자와 SK하이닉스의 일일 수익률을 각각 두 배로 추종하는 단일종목 레버리지 상장지수증권(ETN) 2종을 오늘(27일) 신규 상장했다고 밝혔습니다. 해당 상품은 ‘미래에셋 레버리지 삼성전자 단일종목 ETN(종목코드 520100)’과 ‘미래에셋 레버리지 SK하이닉스 단일종목 ETN(종목코드 520101)’입니다. 두 상품은 각각 한국거래소가 산출하는 ‘KRX 삼성전자 TR 레버리지 지수’와 ‘KRX 하이닉스 TR 레버리지 지수’의 일간 수익률 변동에 따라 ETN 지표 가치가 변동합니다. ETN은 발행 증권사의 신용을 담보로 사전에 약정된 기초지수 수익률 지급을 발행사가 약속하는 상장지수증권으로, 상장 이후 일반 주식과 동일하게 매매됩니다. 미래에셋증권 관계자는 “ETN은 자산 운용 결과가 기초지수 수익률에 미치지 못할 위험, 즉 펀드에 존재하는 추적오차 위험 없이 제비용을 제외한 기초지수 수익을 그대로 누릴 수 있다는 장점이 있습니다”라고 강조했습니다. 이어 “이번 상품은 삼성전자와 SK하이닉스에 대한 레버리지 투자 수요를 ETN 구조로 활용할 수 있도록 한 상품”이라며 “ETN 제비용이 일부 유사 ETF의 총보수보다 높게 보일 수 있으나, 투자자 입장에서는 단순 보수율뿐 아니라 실제 성과에 반영되는 비용 구조를 종합적으로 확인해볼 필요가 있습니다”라고 말했습니다. 당신의 제보가 뉴스로 만들어집니다. SBS Biz는 여러분의 제보를 기다리고 있습니다. 홈페이지 = https://url.kr/9pghjn",https://n.news.naver.com/mnews/article/374/0000512542
[THE FINANCE]“최대 연 19% 준다던데”…청년미래적금 가입 전 체크사항은?,디지털타임스,유진아 기자,2026.05.27. 오후 4:58,"월 50만원 3년 납입 시 최대 2255만원 수령 일반형 6%·우대형 12% 정부기여금 지원 청년도약계좌와 중복 가입 불가 15개 금융사 참여…은행별 우대금리 조건 차이 챗GPT가 그린 일러스트. #청년도약계좌에 매달 70만원씩 2년째 납입 중인 직장인 A씨는 최근 청년미래적금 출시 소식을 듣고 고민에 빠졌다. 기존 계좌를 깨고 갈아타면 더 유리하다는 이야기를 들었지만 막상 따져보니 월 납입 한도와 만기, 정부 기여금 조건이 모두 달랐기 때문이다. A씨는 “새 상품이 나오면 무조건 좋은 줄 알았는데 지금 해지하고 6월에 가입하는 것과 절차대로 갈아타는 게 뭐가 다른지도 헷갈린다”며 “그동안 넣은 돈을 손해 보지 않으면서 옮길 수 있는지 궁금하다”고 말했다. 청년층 자산 형성을 위한 새 정책금융 상품인 청년미래적금이 내달 출시되면서 A씨와 같이 가입을 고민하는 청년들이 늘고 있다. 높은 기본금리에 정부 기여금, 비과세 혜택까지 더해지며 ‘최대 연 19% 수준 효과’라는 설명이 붙었지만 실제 혜택은 소득 수준과 직장 형태, 기존 청년도약계좌 가입 여부에 따라 달라지기 때문이다. 처음 가입을 검토하는 청년이라면 자신이 일반형인지 우대형인지부터 확인해야 하고 기존 청년도약계좌 가입자는 전환 여부까지 따져봐야 해 가입 전 조건을 꼼꼼히 확인할 필요가 있다. ◇3년 넣으면 최대 2255만원…일반형·우대형 차이는? 청년미래적금은 만 19~34세 청년을 대상으로 한 3년 만기 자유적립식 적금이다. 병역을 이행한 경우 최대 6년까지 연령 계산에서 제외된다. 월 납입 한도는 50만원이며 만기 때 본인 납입금에 정부 기여금과 은행 이자가 더해진다. 이자소득에는 비과세 혜택도 적용된다. 금리 구조는 기본금리 연 5%에 취급 기관별 우대금리 2~3%포인트를 더하는 방식이다. 가입자는 최대 연 7~8% 수준의 금리를 적용받을 수 있다. 여기에 정부 기여금과 이자소득 비과세 혜택까지 포함하면 우대형 기준 최대 연 19% 수준의 일반 적금 효과와 유사하다는 게 금융당국의 설명이다. 정부 기여금은 일반형과 우대형으로 나뉜다. 일반형은 납입액의 6%를 정부가 보태준다. 매달 50만원씩 3년간 넣으면 원금 1800만원에 정부 기여금 108만원이 붙는다. 금리 8%를 가정하면 이자 약 230만원까지 더해 만기 수령액은 약 2138만원 수준이다. 우대형은 정부 기여금이 납입액의 12%로 올라간다. 같은 조건으로 매달 50만원씩 넣으면 정부 기여금은 216만원이다. 금리 8% 기준 이자 약 239만원까지 더하면 만기 수령액은 약 2255만원이다. 다만 우대형은 누구나 받을 수 있는 혜택이 아니다. 총급여 3600만원 이하 중소기업 재직자, 연매출 1억원 이하 소상공인 등 별도 요건을 충족해야 한다. 연봉이 높거나 대기업·공공기관 재직자라면 일반형 대상이 될 가능성이 크다. ◇청년도약계좌와 다른 점은…만기 짧고 월 한도 낮아 기존 청년도약계좌랑 차이는 뭘까? 청년도약계좌는 윤석열 정부가 청년층의 중장기 자산 형성을 돕기 위해 2023년 6월 출시한 정책금융 상품이다. 월 최대 70만원씩 5년간 납입하면 정부 기여금과 은행 이자를 더해 만기 때 약 5000만원 안팎의 목돈을 만들 수 있도록 설계됐다. 청년미래적금과의 가장 큰 차이는 만기와 월 납입 한도다. 청년도약계좌는 5년 만기에 월 최대 70만원까지 넣을 수 있지만 청년미래적금은 3년 만기에 월 최대 50만원까지 납입하는 방식이다. 청년미래적금은 유지 부담이 낮은 대신 최종 수령액 규모는 상대적으로 작을 수 있다. A씨처럼 기존 청년도약계좌 가입자라면 갈아타기 여부를 더 신중하게 따져야 한다. 두 상품은 중복 가입이 불가능하기 때문이다. 이미 청년도약계좌를 2~3년 이상 꾸준히 납입 중이거나 월 70만원 납입을 유지할 수 있는 가입자라면 기존 계좌를 유지하는 편이 유리할 수 있다. 반대로 청년도약계좌 가입 기간이 짧고 5년 만기가 부담스럽거나, 청년미래적금 우대형에 해당해 12% 정부 기여금을 받을 수 있는 경우라면 전환을 검토해볼 만하다. 다만 기존 계좌를 먼저 해지하면 정부 기여금과 비과세 혜택 일부를 잃을 수 있어 주의해야 한다. 청년미래적금 가입 신청 후 대상 통보를 받고 계좌를 개설한 뒤 청년도약계좌를 특별중도해지하는 순서로 진행해야 한다. 가입 기준도 차이가 있다. 청년미래적금은 총급여 7500만원 이하나 종합소득 6300만원 이하 청년이 대상이다. 가구 중위소득 200% 이하 요건도 충족해야 한다. 청년도약계좌보다 가구소득 기준이 좁아질 수 있어 기존 도약계좌 가입자라고 해서 모두 미래적금에 가입할 수 있는 것은 아니다. 최근 3년 중 한 번이라도 금융소득종합과세 대상자였다면 가입도 제한된다. ◇어디서 가입할 수 있나…우대금리 조건도 따져야 청년미래적금은 다음달부터 취급 금융회사 앱을 통해 비대면으로 가입할 수 있다. 이후에는 매년 6월과 12월 두 차례 신규 가입자를 모집한다. 취급 기관은 기존 청년도약계좌 참여 은행 11곳에 수협은행, 카카오뱅크, 토스뱅크, 우정사업본부가 새로 합류해 총 15곳이다. 소득과 매출은 전년도 국세청 신고 자료를 기준으로 심사한다. 소득이 없거나 국세청 소득금액 증명이 불가능한 경우에는 가입이 어렵다. 다만 육아휴직급여나 군 장병 급여만 있는 경우에는 예외적으로 가입할 수 있다. 청년내일저축계좌 등 다른 부처나 지방자치단체의 자산형성 상품과는 원칙적으로 중복 가입이 허용된다. 은행별 우대금리 조건도 마지막까지 확인해야 한다. 기본금리는 연 5%지만 최고 금리를 받으려면 급여이체, 카드 사용, 앱 이용, 마케팅 동의 등 금융회사별 조건을 충족해야 할 가능성이 크다. 표시 금리만 보고 가입했다가 실제 적용 금리가 예상보다 낮아질 수 있는 만큼 자신이 충족 가능한 조건인지 따져봐야 한다. 금융권 관계자는 “청년미래적금은 정부 기여금과 비과세 혜택이 붙는 매력적인 상품이지만 모든 가입자에게 같은 효과가 나는 것은 아니다”며 “신규 가입자는 본인이 일반형인지 우대형인지, 기존 청년도약계좌 가입자는 갈아타기 절차와 실제 수령액을 함께 비교한 뒤 결정하는 것이 좋다”고 말했다.",https://n.news.naver.com/mnews/article/029/0003028790
1돈 '100만→80만원' 金투자 시들…골드바·골드뱅킹 4개월째 하락세,이데일리,양희동 기자,2026.05.27. 오후 4:57,"금값 1월말 고점 이후 국제 시세 16%·국내 20% 하락 미국-이란 전쟁 초 반짝 회복 후 상승세 꺾이고 지지부진 5대 은행 골드바 판매 '1월 900억→5월 215억원' 급감 골드뱅킹 잔액 1월 2조4434억원서 5월 2조원 턱걸이 [이데일리 양희동 기자] 코스피지수가 최근 8000선을 돌파하며 가파른 상승세를 탄 가운데, 지난해 이후 연초까지 1년 이상 고공행진을 펼치던 금값은 올 1월 고점 대비 15% 이상 하락하며 반등 기미를 보이지 않고 있다. 2월 말 미국-이란 전쟁으로 국내 증시가 주춤한 사이 금값은 3월 초 단기간 급등하며 고점 탈환을 시도했지만, 이후 하락세로 돌아서며 지지부진한 흐름을 보이고 있다. 이로 인해 국내 금 투자 수요도 위축되며 2월 이후 골드바 판매액과 골드뱅킹 잔액 모두 4개월 연속 감소세를 나타내고 있다. (자료=5대 은행 합산·단위=억원) 27일 KB국민·신한·하나·우리·NH농협 등 5대 은행의 올 1월부터 5월 22일까지 월별 골드바 판매액은 △1월 900억 4300만원 △2월 523억 1800만원 △3월 522억 7700만원 △4월 490만 5400만원 △5월(1~22일) 251억 3300만원으로 4개월 연속 감소세를 이어갔다. KB국민·신한·우리은행 등 3곳에서 취급하는 골드뱅킹 잔액도 △1월 2조 4434억원 △2월 2조 3522억원 △3월 2조 1480억원 △4월 2조 1175억원 △5월(22일 기준) 2조 922억원 등으로 매달 줄고 있다. 골드뱅킹은 연초 골드바 품귀현상으로 인해 수요가 몰리며 지난해 12월 말 잔액이 1조 9296억원에서 올 1월 2조원을 돌파하며 한 달새 5000억원 이상 자금이 유입되기도 했다. 그러나 2월 이후 매달 잔액이 감소하며 현재 추세라면 이달 말 잔액이 4개월만에 2조원 밑으로 떨어질 가능성이 크다. 금 투자 열기가 빠르게 식고 있는 원인은 금값 하락에서 찾을 수 있다. 국제 금 시세(뉴욕상품거래소 기준)는 1월 29일 트로이온스(31.1034768g)당 5354.80달러로 사상 최고치를 기록했고, 미국의 이란 공습 직후인 3월 2일 5311.60달러로 고점 경신을 시도하기도 했다. 그러나 안전자산인 금 선호 현상이 심화 될 것이란 전쟁 초기 예측과 달리 고유가로 인한 고금리 장기화 우려, 현금 확보 및 차익 실현 심리 등이 맞물리며 금값은 약세 흐름을 벗어나지 못하고 있다. 이에 국제 금 시세는 3월 26일 4376.30달러까지 급락했고 5월 26일 기준 4502.30달러로 고점 대비 16% 낮게 형성돼 있다. ‘김치프리미엄’ 논란이 일었던 국내 금 가격(한국거래소 기준)은 1월 29일 1g당 26만 9810원으로 1돈(3.75g) 기준 101만 1788원으로 100만원을 넘기며 역대 최고가를 기록하기도 했다. 그러나 3월 이후 하락세를 지속하며 이달 26일 21만 6410원으로 고점 대비 19.8%나 떨어져 국제 시세보다 하락폭이 큰 ‘역김치프리미엄’이 나타나고 있다. 전문가들은 글로벌 불확실성 지속과 함께 안전자산인 금의 가치는 유지될 것으로 보고, 장기 투자 관점에서 접근하라고 조언한다. 이슬기 신한은행 PWM인천센터 PB팀장은 “국제 금 가격은 단기적으로는 미국 금리 정책과 지정학적 리스크 사이에서 변동성을 보일 것으로 예상된다”면서도 “물가가 예상보다 높게 나오거나 금리 인하 가능성이 없다면 금 가격은 일시적인 조정을 받을 수 있다”고 내다봤다. 그러나 금의 투자 가치에 대해서는 “글로벌 불확실성이 지속되는 한 금은 안전자산으로서의 매력이 유지될 가능성이 높다”며 “투자 전략 측면에서는 단기보다는 장기적인 관점으로 분할 매수를 추천한다”고 덧붙였다. (자료=3개 은행 합산·단위=억원)",https://n.news.naver.com/mnews/article/018/0006291727
코스피 '급가속'에 불안도…향후 변동성·K자형 양극화 심화 우려,연합뉴스,이민영 기자,2026.05.27. 오후 4:56,"반도체 제외 업종 수익률 부진…작년 연저점 이후 코스피 종목 3분의 1이 하락 삼전·닉스 코스피 비중 50% 돌파, 쏠림 심화…단일종목 레버리지도 변동성 변수 '하락 베팅' 자금 증가세…""단기 증시 변동성 확대 가능성"" ""낙관론 정점에 가까워"" 주식 열풍 (PG) [박은주 제작] 일러스트 (서울=연합뉴스) 이민영 기자 = 코스피가 사상 최고치 랠리를 이어가며 8천선을 돌파했지만, 상승 동력이 삼성전자와 SK하이닉스에 집중되면서 국내 증시의 'K자형 양극화' 우려가 더 커지고 있다. 글로벌 AI(인공지능) 투자 확대에 따른 반도체 업황 호조가 이어지는 동안은 상승 동력이 유지되겠지만, 업황 둔화 등 변수가 발생할 경우 증시 전반이 크게 흔들릴 수 있다는 지적도 나오는 분위기다. 27일 한국거래소에 따르면 이날 종가 기준 삼성전자와 SK하이닉스의 합산 시가총액은 3천393조원(삼성전자 1천795조원·SK하이닉스 1천599조원)으로 집계됐다. 이는 유가증권시장 전체 시가총액의 50.4%에 달한다. 한국거래소에 따르면 종가 기준 삼성전자와 SK하이닉스 시총 비중이 코스피 비중의 절반을 넘은 건 이날이 사상 처음이다. 코스닥과 코넥스까지 합친 한국 주식시장 전체 시총 대비로는 46%에 이른다. 미국의 상호관세 발효 여파로 코스피가 연저점(2,293.70)을 찍었던 지난해 4월 9일 당시 두 종목이 유가증권시장과 국내 증시에서 차지하는 비중은 각각 23.1%, 19.6%에 그쳤다. 그러나 도널드 트럼프 행정부 출범에 따른 유동성 랠리 기대감과, 반도체 업황 개선 전망에 삼성전자와 SK하이닉스 주가가 급등하면서 국내 시장 내 비중도 대폭 늘어났다. 작년 4월 9일 이후 이날까지 삼성전자와 SK하이닉스 상승률은 각각 479%, 1천259%에 달한다. 이날도 삼성전자는 장중 사상 처음 32만원을 넘어섰고, SK하이닉스도 장중 역대 처음 235만원을 돌파했다. 다만 '불장'에도 증시 온기가 시장 전반으로는 번지지 못한 모습이다. 작년 코스피 연저점 기록 이후 이날까지 유가증권시장 940개 종목 중 289개(31%)는 오히려 주가가 내렸고, 14개 종목(2%)은 주가 변동이 없었다. 업종별 수익률을 봐도 반도체를 제외한 업종은 상대적 부진을 면치 못했다. 삼성전자와 SK하이닉스가 속한 코스피 전기·전자 업종지수는 지난해 연저점 기록 당시 이후 548% 급등해 코스피 수익률(253%)을 큰 폭으로 웃돌았다. 증권(277%), 제조(320%), 기계장비(258%) 업종 지수 등도 코스피 수익률을 웃돌았으나, 그외 대다수 업종은 시장 수익률을 큰 폭으로 밑돌았다. 대표적으로 종이목재(-15.1%)는 대폭 하락해 코스피 '불장'에도 홀로 마이너스(-) 수익률을 기록했다. 또한 오락·문화는 1년여간 0.6% 오르는 데 그쳤으며 부동산(4.7%), 제약(7.6%), 비금속(7.6%) 등도 상대적으로 부진한 흐름이었다. 삼성전자와 SK하이닉스만의 독주가 계속되면서 두 종목으로 최근 매수세가 더욱 쏠리는 모습이다. 이달 들어 이날까지 삼성전자와 SK하이닉스의 일평균 거래대금 총합은 20조7천310억원으로 같은 기간 코스피 일평균 거래대금(48조810억원)의 43%를 차지했다. 두 종목에 대한 '빚투(빚내서 투자)' 열기도 점점 뜨거워지고 있다. 금융정보업체 연합인포맥스에 따르면 전날 기준 삼성전자의 신용잔고 금액은 4조1천885억원으로 지난해 말(1조6천477억원) 대비 2조5천408억원(154%) 급증했다. SK하이닉스 신용잔고 금액도 3조3천454억원으로 올해 들어 2조4천613억원(278%) 늘었다. 신용거래융자 잔고는 투자자가 주식 투자를 위해 증권사로부터 자금을 빌린 뒤 변제를 마치지 않은 금액으로, 이 잔고가 늘었다는 것은 레버리지(차입) 투자가 증가했다는 의미다. 개인투자자 '영끌', '빚투' (PG) [장현경 제작] 일러스트 증권가에서는 최근 반도체 이익 전망 상향 추세를 고려할 때 '1만피(코스피 10,000)'도 가능하다는 관측이 나오고 있다. 다만 동시에 코스피 단기 급등 부담에 대한 우려도 커지는 분위기다. 특히 삼성전자와 SK하이닉스 상승폭이 컸던 만큼 이들 두 종목 주가가 휘청일 경우 증시 전반이 흔들릴 수 있다는 우려가 나온다. 강대승 SK증권 연구원은 ""현재 코스피의 낮은 PER(주가수익비율)은 12개월 선행 EPS(주당순이익) 컨센서스(시장 평균 전망치)가 유지된다는 전제 위에 성립한다""며 ""AI(인공지능) CAPEX(설비투자) 사이클에 대한 기대가 꺾이거나 반도체 업황이 둔화할 경우, EPS 하향과 PER 상승이 동시에 발생하며 밸류에이션(평가가치) 부담이 빠르게 커질 수 있다""고 지적했다. 최근 미 경제매체 CNBC는 삼성전자와 SK하이닉스 등 메모리 반도체 업체들이 기록적인 호황을 누리고 있지만, 업계 특유의 '호황과 폭락'(boom and bust) 사이클이 반복될 수 있다는 경고를 내놓기도 했다. 영국계 글로벌 은행 스탠다드차타드의 스티브 브라이스 글로벌 CIO(최고투자책임자)도 최근 ""한국 증시에 대한 낙관론이 정점에 가까워졌다""며 ""투자자들에게 한국 주식의 차익을 실현하고 글로벌 포트폴리오로 분산 투자할 것을 권고하고 있다""고 말한 바 있다. 삼성전자, SK하이닉스 단일종목 레버리지·인버스 상품 출시로 단기적인 주가 변동성이 커질 수 있는 점도 우려 요인으로 꼽힌다. 레버리지 ETF는 주가 상승 시 더 큰 수익률을 얻을 수 있지만, 반대로 주가 하락 시에는 손실이 더 커질 수 있다. 한지영 키움증권 연구원은 ""삼성전자, SK하이닉스 단일종목 레버리지 상품 출시 이후 한동안은 장중 수급 변동성이 일시적으로 높아질 수 있다""며 ""레버리지, 인버스 ETF 특성상 일간 리밸런싱이 의무적이기에, 장 마감 동시호가에 기계적인 추종 매매 및 헤지 작업이 수반되기 때문""이라고 설명했다. 증시 조정에 대한 우려를 보여주듯 코스피 하락에 '베팅'하는 자금도 늘어나고 있다. 한국거래소에 따르면 직전 집계일인 21일 기준 코스피 공매도 순보유 잔고액은 21조890억원으로 지난해 말(12조3천110억원) 대비 8조7천780억원 늘었다. 지난달 초(15조9천900억원) 대비로도 5조원가량 증가한 상태다. 공매도는 보유하지 않은 주식을 타인에게 빌려서 먼저 매도한 후 주가가 내려가면 저렴하게 매수해서 갚는 투자 기법이다. 공매도 순보유 잔고는 빌려온 주식을 매도하고 남은 금액으로, 통상 이 잔고가 늘었다는 것은 주가가 지금보다 더 하락할 것을 예상하는 투자자가 많다는 뜻으로 해석된다. 다만 반도체 이익 전망이 여전히 견고한 만큼 우려는 시기상조라는 진단도 나온다. 조창민 현대차증권 연구원은 ""반도체 비중이 여전히 높지만 우려할 단계는 아닌 것으로 판단한다""며 ""이익 전망치 상향 조정이 지속해 확인되고 있으며, 반도체 사이클의 단기 약화 시그널 역시 부재한 상황이기 때문""이라고 설명했다. mylux@yna.co.kr",https://n.news.naver.com/mnews/article/001/0016102733
증권사는 사람 뽑고 은행은 내보낸다…‘코스피 8000’ 불장에 금융권 엇갈린 풍경,서울경제,김도연 기자,2026.05.27. 오후 4:56,"코스피가 종가 기준으로 처음 8000선을 기록한 26일 서울 중구 하나은행 본점 딜링룸에서 직원들이 축하 세리머니를 하고 있다. 이날 코스피는 전장 대비 199.80포인트(2.55%) 오른 8047.51로 장을 마쳤다. 조태형 기자 코스피 강세장이 이어지면서 증권사 임직원 수가 4만명에 육박했다. 증시 활황에 힘입어 증권사들이 채용을 늘린 영향이다. 반면 은행권은 희망퇴직 확대와 비대면 전환 영향으로 인력 감소세가 이어지고 있다. 27일 한국은행 경제통계시스템과 금융투자협회에 따르면 올해 1분기 말 기준 증권회사 총 임직원 수는 3만9711명으로 집계됐다. 국내 증권사 해외 지점과 해외 증권사의 국내 지점 인력까지 포함한 수치다. 올해 1분기에만 181명 늘어나며 관련 통계가 작성된 지난 2014년 3분기 이후 최대치를 기록했다. 1년 전과 비교하면 819명 증가한 규모다. 금융감독원 기준으로도 지난해 말 증권사 임직원 수는 3만9514명으로 나타났다. 글로벌 금융위기 직후였던 2008년 9월 말(4만341명) 이후 약 17년 만에 가장 많은 수준이다. 주요 증권사별로 보면 미래에셋증권 임직원 수는 3475명으로 1년 전보다 64명 증가했다. NH투자증권과 한국투자증권도 각각 3135명, 2978명으로 집계되며 전년 대비 10명, 49명씩 늘었다. 업계에서는 최근 증시 활황과 개인 투자 열풍이 증권사 인력 증가로 이어진 것으로 보고 있다. 실제 올해 초 4400선이던 코스피는 이날 장중 8400선까지 치솟으며 반년 만에 90% 가까이 급등했다. 코스피가 처음 4000선을 돌파했던 지난해 4분기에는 증권사 임직원 수가 292명 증가했다. 코로나19 당시 동학개미 열풍이 거셌던 2022년 3분기 이후 가장 큰 증가 폭이다. 거래대금과 신용거래융자가 함께 늘어나면서 주요 증권사 실적도 큰 폭으로 개선됐다. 금융투자업계에 따르면 미래에셋증권·한국투자증권·키움증권·NH투자증권·삼성증권·KB증권·신한투자증권·메리츠증권·대신증권·하나증권 등 국내 10대 증권사의 올해 1분기 합산 순이익은 4조원대를 기록하며 역대 최대 수준을 나타냈다. 지난해 코스피 일평균 거래대금은 16조9000억원으로 전년 대비 57.1% 증가했다. 업황 개선 흐름 속에 주요 증권사들은 리테일과 자산관리(WM), 투자은행(IB) 부문을 중심으로 채용을 늘리고 있는 것으로 분석된다. 반면 은행권은 희망퇴직 확대 영향으로 인력 감소세가 계속되고 있다. 지난해 말 국내은행 임직원 수는 11만3230명으로 1년 전보다 652명 감소했다. 특히 지난해 말과 올해 초 KB국민은행·신한은행·하나은행·우리은행·NH농협은행 등 5대 은행에서만 약 2400명에 달하는 희망퇴직자가 발생했다. 인력은 줄고 있지만 인건비 부담은 오히려 커지고 있다. 지난 7일 공시된 4대 은행 경영실적에 따르면 우리은행·신한은행·KB국민은행·하나은행의 올해 1분기 인건비 총액은 2조303억원으로 집계됐다. 지난해 같은 기간보다 4.8% 늘어난 규모다. 같은 기간 순이익 증가율(3.0%)을 웃돌았다. 은행권에서는 장기 근속 구조에 따른 호봉 상승과 IT·법률 분야 전문직 채용 확대가 인건비 증가 배경으로 꼽힌다. 동시에 인공지능(AI)를 활용한 업무 자동화도 빨라지고 있다. 개인화 자산관리(WM), 신용평가·리스크 관리, 단순 고객 상담 영역 등에 AI를 적극 도입하며 인력 생산성 향상에 나서는 분위기다.",https://n.news.naver.com/mnews/article/011/0004625047
삼성전자 시총 2000조 돌파…SK하닉은 '1조 달러 클럽' 합류(종합),뉴스1,한유주 기자,2026.05.27. 오후 4:55,"SK하닉 시총, 삼성전자의 82% '추격'…연초 39%에서 급증 삼성전자와 SK하이닉스가 레버리지 상장지수펀드(ETF)에 출시된 27일 서울 중구 하나은행 딜링룸 현황판에 종가가 표시되고 있다. 2026.5.27 ⓒ 뉴스1 이호윤 기자 (서울=뉴스1) 한유주 기자 = 삼성전자(005930)가 장중 32만원대까지 치솟으며 시가총액 2000조 원을 돌파했다. SK하이닉스(000660)는 미화 환산 시 시총이 1조 달러를 넘으며 삼성전자에 이어 글로벌 시총 '1조 달러 클럽'에 진입했다. 27일 정규장 종가 기준 삼성전자 보통주와 우선주의 합산 시가총액은 1948조 8628억 원을 기록했다. 장 후반들어 주가가 하락하며 2000조 원을 밑돌고 있지만, 오전 9시5분께 보통주 32만원, 우선주 19만8800원을 찍으며 합산 시총이 2030조 원에 달했다. 지난 1월 22일 합산 시총이 1000조 원을 돌파한 이후 불과 4개월 만이다. SK하이닉스도 이날 의미 있는 궤적을 남겼다. 달러 환산 시총이 1조 달러를 넘어서며 아시아 기업으로는 TSMC, 삼성전자에 이어 세 번째로 '트릴리언 클럽'에 합류했다. 종가 기준 시가총액은 1598조 5914억 원으로, 미화 환산 시 1조 640억 달러에 달한다. 글로벌 순위는 버크셔 헤서웨이, 마이크론, 일라이릴리를 제치고 세 계단 상승해 12위에 올라섰다. 특히 11위를 기록한 삼성전자를 바짝 쫓고 있다. SK하이닉스는 이달 들어 74% 급등하며 39% 상승한 삼성전자보다 더 강력한 상승세를 보이고 있다. 연초 삼성전자의 59% 수준이었던 SK하이닉스의 시총은 이날 종가 기준 82%에 달한다. 한편 삼성전자와 SK하이닉스의 강세가 지속되며 두 종목의 합산 시총이 코스피에서 차지하는 비중은 53%에 달했다. 반도체주 쏠림이 지속되며 연초 37%에서 단기간 급증했다.",https://n.news.naver.com/mnews/article/421/0008969411
조단위 증가한 반도체 레버리지…단일종목 상품도 수급에 가세,머니투데이,김세관 기자,2026.05.27. 오후 4:53,"국내 주요 레버리지 ETF 수익률 및 순자산 증감/그래픽=이지혜 27일 출시된 단일종목 레버리지 ETF(상장지수펀드)에 한국거래소 코스피 거래대금의 18%가량이 쏠린 것으로 확인됐다. 올해 순자산이 조단위로 증가한 레버리지 ETF 대부분이 반도체 종목 비중이 높았다. 여기에 반도체 중심의 단일종목 레버리지 ETF까지 선을 보이는 만큼 당분간 해당 섹터에 수급이 쏠릴 가능성이 높다. 전문가들은 단기 쏠림 가능성은 인정하면서도 중장기적으로 시장에 미치는 영향은 제한적일 것으로 전망했다. 한국거래소(KRX)와 금융투자업계에 따르면, 이날 상장된 반도체 종목 단일종목 레버리지 ETF 거래대금이 약 10조원에 이른 것으로 확인된다. 이날 하루 한국거래소 코스피 거래대금 55조8408억원의 약 18%를 차지했다. 이날 코스피는 전체 종목 920여개 중 90%에 가까운 820여 종목이 하락했음에도 지수가 전일 대비 2.25% 오른 8228.70에 마쳤다. 코스피 ADR 지표도 59.46%에 머물러 과매도 구간임에도 지수는 크게 상승한 상황이다. 단일종목 레버리지 ETF 출시와 함께 수급이 쏠리면서 발생한 주도주 상승이 과매도를 상쇄할 정도의 영향을 미친 것으로 보인다. 특히 SK하이닉스가 이날 하루 동안 9.31% 오르며 증시 상승을 주도했다. 삼성전자도 2.68% 올랐다. 연초 이후 수익률은 삼성전자가 12만200원에서 30만7000원으로, SK하이닉스는 65만1000원에서 224만3000원으로 각각 155%와 245%를 보인다. 국내 주식형 레버리지 ETF 중 올해 순자산이 조단위로 증가한 상위 상품들은 대부분 반도체 종목 비중이 높았다. 구체적으로 KODEX 레버리지는 순자산이 연초 대비 6조7478억원이 증가했다. KODEX 레버리지는 삼성전자와 SK하이닉스 비중을 60% 이상으로 가져가는 KODEX 200 ETF에 더해 삼성전자와 SK하이닉스를 추가로 추종한다. 연초 이후 지난 26일까지 수익률이 259%다. 뒤를 이어 삼성전자와 SK하이닉스 비중이 높은 KODEX 반도체 ETF와 SK하이닉스, 삼성전자를 추가로 담은 KODEX 반도체레버리지가 2조5513억원 같은 기간 순자산이 뛰었으며, 비슷한 구성의 TIGER 반도체TOP10레버리지도 같은 기간 순자산이 2조46억원 증가했다. 연초 대비 수익률은 각각 416%와 356%였다. 여기에 반도체 주도주 단일종목 레버리지 ETF까지 출시되면서 주도주 중심의 수급 쏠림에 의한 단기 변동성은 어쩔 수 없다는 것이 증권업계 의견이다. 이경민 대신증권 FICC 부장은 ""코스피에서 반도체 대형주 중심 쏠림 현상이 심화되고 있다""며 ""삼성전자와 SK하이닉스 단일종목 레버리지 ETF가 출시되면서 시장이 관심이 집중됐기 때문""이라고 말했다. 다만 증권업계 전문가들은 중장기적으로는 단일종목 레버리지 ETF 상품이 시장에 미치는 영향은 제한적일 것으로 전망한다. 높은 투자자 관심에 따라 출시 초기에는 상당한 규모의 자금 유입이 예상되지만, 상품 전체의 시가총액(약 5조원)이 반도체 주도주 대비 미미해서라는 분석이다. 한지영 키움증권 연구원은 ""삼성전자와 SK하이닉스의 시가총액이 3000조원을 넘는 만큼, 단일종목 레버리지 영향력은 중기적으로 크지 않을 것""이라며 ""다만 현재 주도주이자 개인 수급이 집중된 종목이므로 출시 직후 쏠림 증폭 현상이 발생하면 변동성이 확대될 수 있다""고 말했다. 하재석 NH투자증권 연구원도 ""기존 반도체 종목 추종 레버리지 ETF와 지난해 홍콩 주식시장에 상장된 단일종목 레버리지 ETF에 담긴 삼성전자와 SK하이닉스 비중이 이미 상당하다""며 ""이들 레버리지 ETF의 수급과 주가의 방향성은 상관관계가 낮았다""고 말했다.",https://n.news.naver.com/mnews/article/008/0005363608
강세장서 더 벌어진 본주·우선주 온도차…우선주 다시 ‘찬밥’ 신세,이코노미스트,이용우 기자,2026.05.27. 오후 4:53,"삼성전자·현대차·미래에셋증권 등 우선주 순매수 급감 과거에도 반복된 괴리율 확대…“저평가 신호” 시각도 5월 27일 오후 서울 중구 우리은행 딜링룸 현황판 모습. [사진 연합뉴스] [이코노미스트 이용우 기자] 코스피가 사상 최고치 행진을 이어가는 가운데 보통주와 우선주 간 가격 괴리율이 다시 확대되고 있다. 우선주 가격이 본주 대비 절반 수준에도 거래되지 못하는 등 우선주 소외가 심화하는 모습이다. 최근 대형주의 가파른 상승에 단기적 성과를 기대하는 투자자들이 많아진 결과로 풀이된다. 특히 배당 매력이 상대적으로 부각되지 못하고 상장지수펀드(ETF) 중심의 수급 역시 보통주에 집중되면서 우선주 할인 폭이 더 커지고 있다는 분석이다. 삼성전자 우선주 괴리율 37%까지 확대 한국거래소에 따르면 5월 27일 삼성전자 우선주의 괴리율은 올해 초 26.52% 수준에서 이날 37.4%까지 확대됐다. 가격을 보면 삼성전자 보통주는 30만7000원까지 올랐지만 우선주는 19만2000원을 기록 중이다. 우선주 괴리율은 보통주 대비 우선주 가격이 얼마나 할인 거래되는지를 의미한다. 일반적으로 우선주는 의결권이 없는 대신 배당을 더 받을 수 있는 구조지만 최근 국내 증시에서는 본주와의 가격 차이가 갈수록 벌어지는 모습이다. 현대차 우선주의 괴리율은 같은 기간 30.3%에서 59.2%로 확대됐다. 하나증권에 따르면 현대차 보통주와 우선주 괴리율은 2021년 2월 최대 57%까지 벌어졌고, 2020년부터 2023년까지 평균 50%대를 유지했다. 올해 들어 괴리율 수준이 더 벌어진 것이다. 이에 현대차는 68만1000원까지 올랐지만 우선주는 27만7500원으로 절반 수준 아래에서 주가를 형성하고 있다. 삼성전자와 현대차가 자사주 매입·소각 및 배당금 확대 등으로 주주환원을 강화하면서 주주환원수익률을 기대할 수 있는 우선주가 투자처로 주목받을 것이란 기대가 나왔지만, 최근에는 이와 반대로 반도체 호황과 피지컬 인공지능(AI) 기대감에 두 기업의 보통주 상승률이 높아지면서 우선주 괴리율이 확대됐다는 분석도 나온다. LG전자 역시 보통주와 우선주 괴리율이 같은 기간 47.4%에서 65.5%로 상승했다. 미래에셋증권은 40.5%에서 71.5%까지 벌어졌고, 두산 역시 39.2%에서 64.6% 수준으로 확대됐다. 한국거래소에 걸려 있는 코스피 8000 기념 현수막. [사진 이용우 기자] 현대차 본주는 순매수...우선주는 순매도 증권가에서는 최근 코스피 강세장이 우선주 소외 현상을 심화시키고 있다고 보고 있다. 투자자 자금이 시가총액 상위 대형 보통주에 집중되면서 상대적으로 거래량이 적은 우선주가 외면받고 있다는 것이다. 한국거래소에 따르면 올해 들어 개인 투자자들의 삼성전자 순매수 규모는 28조2350억원을 기록한 반면 삼성전자 우선주는 1조2100억원에 불과했다. 우선주 순매수 규모가 보통주의 20분의 1 수준에도 미치지 못했다. 현대차의 개인 순매수 규모는 같은 기간 8조5860억원에 달했지만, 현대차 우선주에서는 개인 투자자들이 102억원 순매도하며 사실상 매수 접근을 포기한 모습이다. 시장에서는 ETF 중심의 수급 구조 역시 우선주 괴리율 확대 배경 중 하나로 보고 있다. 최근 코스피200 등 대형주 중심 ETF로 자금이 유입되면서 상대적으로 유동성이 풍부한 보통주에 수급이 집중되는 흐름이 나타난다는 설명이다. 배당 확대 기대가 예상보다 크지 않았다는 점도 우선주 약세 배경으로 꼽힌다. 정부의 밸류업 정책과 상법 개정 논의로 주주환원 강화 기대감은 높아졌지만, 실제 배당 확대 속도는 시장 기대를 충분히 따라가지 못하고 있다는 평가다. 우선주의 핵심 투자 매력인 배당 프리미엄이 약해지면서 투자 수요 역시 제한되고 있다는 의미다. 이에 최근처럼 반도체와 AI, 로봇 중심의 강세장이 펼쳐지는 증시에서는 개인 투자자들의 단기 매매 비중이 높아지면서 거래가 활발한 본주 중심으로 수급이 몰리는 반면, 배당 확대를 기대하고 장기 보유 성향이 강한 우선주는 상대적으로 소외되고 있다는 분석이 나온다. 다만 증권가에서는 우선주 괴리율 확대를 부정적으로만 볼 필요는 없다는 의견도 나온다. 과거 강세장에서도 우선주 괴리율은 일시적으로 확대됐다가 이후 축소되는 흐름이 반복됐기 때문이다. 한 증권사 관계자는 “배당 확대와 자사주 소각, 밸류업 정책이 유지되면 우선주 재평가에 따른 괴리율 축소 가능성이 있다”며 “괴리율이 과도하게 벌어진 종목에서는 저평가된 우선주 매수 전략이 반복적으로 제시됐다”고 말했다.",https://n.news.naver.com/mnews/article/243/0000098323
롯데손보 경영개선계획 조건부 승인…매각 불확실성 한고비 넘겼다,디지털데일리,김남규 기자,2026.05.27. 오후 4:52,"[사진 = 롯데손보] [디지털데일리 김남규기자] 금융위원회가 롯데손해보험의 경영개선계획을 조건부 승인하면서 롯데손보 매각 작업을 둘러싼 규제 불확실성이 한고비를 넘겼다. 금융위는 27일 정례회의를 열고 롯데손보가 지난달 30일 제출한 경영개선계획에 대해 조건부 승인을 의결했다고 밝혔다. 조건은 자본적정성 제고를 위해 경영개선계획에 포함된 내용이다. 다만 해당 안건은 법인·단체 또는 개인의 경영·영업상 비밀에 관한 사항을 포함할 수 있어 관련 규정에 따라 3년간 비공개된다. 롯데손보는 지난해 11월 금융위로부터 경영개선권고 조치를 받았다. 이후 올해 1월 제출한 경영개선계획이 불승인됐고, 금융위는 지난 3월 적기시정조치 수위를 경영개선요구로 높였다. 이번 조건부 승인은 롯데손보가 다시 제출한 수정 경영개선계획에 대한 판단이다. 앞서 롯데손보는 지난달 30일 자본적정성 개선을 위한 세부 이행방안을 담은 수정 경영개선계획을 금융당국에 냈다. 기존 계획이 구체성과 실현 가능성 부족 등을 이유로 문턱을 넘지 못하자, 사업비 감축과 부실자산 처분, 인력·조직 운영 개선, 자본 확충, 제3자 인수 가능성 등을 담은 자구안을 다시 마련했다. 이번 결정은 단순한 감독 절차를 넘어 롯데손보 매각 구도에도 영향을 줄 변수로 평가된다. 금융위 승인이 내려지면서 롯데손보를 둘러싼 규제 리스크는 일부 낮아졌다. 이에 따라 잠재 원매자와의 협상에도 속도가 붙을 수 있다는 관측이 나온다. 롯데손보 최대주주인 JKL파트너스는 지분 77%를 보유하고 있다. JKL파트너스는 최근 매각 주관사를 JP모건에서 삼정KPMG로 교체하고 매각 작업을 다시 진행 중이다. 과거 2조원대 몸값을 고수했지만, 최근에는 희망 매각가를 1조원대 초중반까지 낮춘 것으로 알려졌다. 금융권에서는 이번 조건부 승인이 롯데손보 매각 협상에서 대주주 측 부담을 다소 덜어줄 수 있다고 본다. 수정 계획이 불승인됐다면 적기시정조치가 더 높은 단계로 격상될 수 있었고, 이 경우 원매자 측의 가격 조정 압박이 커질 가능성이 있었다. 조건부 승인으로 최악의 시나리오는 피한 셈이다. 다만 매각 불확실성이 완전히 사라진 것은 아니다. 금융위가 붙인 조건의 구체적 내용은 공개되지 않았다. 롯데손보는 앞으로 1년 6개월간 경영개선계획을 이행해야 하고, 금융위와 금융감독원은 이행 실적을 점검한다. 자본 확충 방식과 매각 협상 조건, 대주주의 추가 자금 투입 여부는 계속 핵심 변수로 남는다. 롯데손보의 실적 변동성도 가격 협상에 영향을 줄 수 있다. 올해 1분기 롯데손보는 보험영업 부문에서는 흑자 전환했지만 투자 부문 손실로 전체 실적은 적자를 기록했다. 보험계약마진(CSM)은 늘었지만 금리 변동에 따른 채권 평가손이 부담으로 작용했다. 원매자 입장에서는 본업 개선과 투자 손실을 함께 따져볼 수밖에 없다. 금융위는 경영개선계획 이행 기간에도 롯데손보의 영업은 정상적으로 이뤄진다고 설명했다. 보험료 납입, 보험금 청구·지급, 퇴직연금 가입 등 기존 보험서비스 이용에는 문제가 없다는 것이다. 현재 회사의 지급여력비율도 100% 이상이라고 밝혔다. 금융위는 “보험계약자들께서는 안심하고 보험서비스를 이용하실 수 있다”며 “금감원과 함께 법과 원칙에 따라 보험회사가 장기적 시계를 가지고 건전한 경영을 확립할 수 있도록 감독해 나가겠다”고 밝혔다.",https://n.news.naver.com/mnews/article/138/0002229083
'8천피' 탈환 하루밖에 안지났는데…단숨에 '9천피' 향해 질주(종합),연합뉴스,황철환 기자 외 2명,2026.05.27. 오후 4:51,"UBS, 마이크론 목표가 3배 상향에 반도체 메모리 재평가 기대감↑ 단기 급등에 시장과열 우려 고개…한국형 공포지수, 장중 8.8% 껑충 반도체 대형주 시장쏠림 심화…삼전·닉스 코스피 시총비중 50% 첫 돌파 '포모' 개미 매수세…""극소수만 상승, 쏠림이자 과열이라고 봐야"" 우려도 '삼전·닉스' 레버리지 상장 첫날 '불기둥' (서울=연합뉴스) 이진욱 기자 = 27일 오후 서울 중구 우리은행 딜링룸 현황판에 코스피 및 삼성전자·SK하이닉스 단일종목 레버리지 상품인 'KODEX SK하이닉스단일종목레버리지'와 'TIGER 삼성전자단일종목레버리지' 종가가 표시돼 있다. 이날 8개 자산운용사의 삼성전자·SK하이닉스 단일종목 레버리지·인버스 상품 16종이 동시 출격하면서 매수세가 급격히 쏠리는 모습이다. 2026.5.27 cityboy@yna.co.kr (서울=연합뉴스) 황철환 고은지 김유향 기자 = 전날 6거래일만에 8,000선 탈환에 성공한 코스피가 27일 한때 5% 넘게 급등하며 '9천피'를 향한 질주에 나섰다. 그러나 시장이 다시 과열되는 것 아니냐는 우려도 나온다. 단기급등에 따른 부담 탓에 장중 8천피를 터치하자마자 격한 조정에 직면했던 것이 불과 10여일 전인데 상승 속도가 너무 빠른 것 아니냐는 불안이 상존하고 있다. 한국거래소와 금융정보서비스업체 연합인포맥스에 따르면 이날 코스피는 전장보다 2.25% 오른 8,228.70으로 장을 마감했다. 2.42% 오른 8,242.12로 출발한 지수는 오전 한때 5.09% 오른 8,457.09까지 치솟은 뒤 상승폭을 조절하는 흐름을 보였다. 이에 개장 직후인 오전 9시 6분 2초께에는 유가증권시장에서 매수 사이드카가 발동, 5분간 프로그램 매수호가의 효력이 정지되기도 했다. 이란 전쟁 종식 기대감에 더해 간밤 뉴욕증시에서 메모리 반도체 기업인 마이크론 테크놀로지 주가가 UBS의 목표주가 3배 상향 조정에 힘입어 19.3% 급등, 반도체와 기술주 투자심리에 불을 붙인 것이 주된 배경으로 거론된다. 반도체, 불황 공포서 해방?…증권가 ""주가 재평가해야"" 과거 반도체 산업은 업황 변동폭이 커 호황과 불황이 반복되는 경기 사이클을 보여왔다. 하지만 인공지능(AI) 붐으로 인한 반도체 공급 부족이 장기화 중이고, 글로벌 빅테크들이 반도체 제조사들과 장기공급계약(LTA)을 체결하는 양상이 나타나면서 최근에는 이런 사이클이 더는 유효하지 않다는 지적이 제기돼 왔다. 호황이 끝나면 언제든 주가가 급락할 수 있다는 이유로 그간 디스카운트를 받아왔던 메모리 반도체 기업 주가를 이제는 재평가해야 한다는 주장이다. 실제, UBS의 티모시 아큐리 애널리스트는 마이크론의 목표주가를 상향하면서 ""시장이 마이크론 주식에 좀 더 '정상적인'(normal) 밸류에이션 배수를 부여하기 시작할 것으로 보인다""고 말했다. UBS가 언급한 건 마이크론이지만, 금융투자업계에선 다른 주요 반도체 기업들로도 밸류에이션 상향과 재평가 흐름이 확산할 것이란 기대감이 커진 모양새다. 삼전·하이닉스 질주에 코스피 사상 최고치 (서울=연합뉴스) 서대연 기자 = 27일 서울 중구 하나은행 본점 딜링룸 현황판에 삼성전자, SK하이닉스 종가가 표시돼 있다. 이날 삼성전자는 전장보다 2.68% 오른 30만7천원에, SK하이닉스는 9.31% 폭등한 224만3천원에 거래를 마쳤다. 코스피는 전장보다 181.19p(2.25%) 오른 8,228.70으로 마감하며 사상 최고치를 또 경신했다. 2026.5.27 dwise@yna.co.kr 삼성전자와 SK하이닉스가 이날 각각 2.68%와 9.31% 급등한 것도 이와 무관하지 않아 보인다. 실제 김영건 미래에셋증권 연구원은 이날 삼성전자와 SK하이닉스 목표주가를 각각 55만원과 380만원으로 대폭 상향하면서 실적전망치에는 변함이 없지만 '글로벌 메모리 업종 전반의 밸류에이션 상향 기조'에 따라 목표주가를 높인 것이라고 설명했다. 삼성전자와 SK하이닉스를 기초자산으로 하는 단일종목 레버리지·인버스 상품이 국내 증시에 이날 처음으로 상장된 것도 두 종목 주가와 코스피 지수에 영향을 미쳤을 것으로 보인다. 삼성전자와 SK하이닉스의 합산 시가총액은 이날 장마감 기준 3천393조원이 넘는다. 그런 까닭에 순자산 4조원대가 될 것으로 보이는 단일종목 레버리지의 중장기적 영향은 크지 않은 편이지만, 상품 특성상 시장 변동성을 키울 수 있다고 전문가들은 전망해 왔다. 오를 때는 더 큰 폭으로 오르고, 내릴 때도 마찬가지로 낙폭이 확대될 수 있다는 이야기다. 극단 치닫는 '반도체 쏠림'…삼전·하닉 코스피 비중 50.4% 그런 가운데 이날 동시 출격한 8개 자산운용사의 삼성전자·SK하이닉스 단일종목 레버리지·인버스 상품 16종 가운데 레버리지 상품 다수는 두 자릿수 상승세를 기록했다. KODEX SK하이닉스단일종목레버리지는 시작가보다 18.44% 오른 2만7천775원에 거래를 마쳤다. TIGER SK하이닉스단일종목레버리지는 18.56% 오른 2만3천695원으로 마감했다. 'KODEX 삼성전자단일종목레버리지'(+5.52%), 'TIGER 삼성전자단일종목레버리지'(+5.53%) 등도 강세를 보였다. 한국거래소 정보데이터시스템에 따르면 삼성전자·SK하이닉스 단일종목 레버리지·인버스 상품 16종의 이날 하루 합산 거래량과 거래대금은 4억1천691만좌, 10조4천71억원이고, 합산 시가총액은 4조9천937억원으로 집계됐다. 특히 KODEX SK하이닉스단일종목레버리지 거래대금은 4조3천885억원에 이르렀다. 이날 시장에선 단일종목 레버리지 상품에 투자자들이 급격히 몰리면서 변동성완화장치(VI)가 연달아 발동됐고, 이 상품 투자를 위해 교육을 이수해야 하는 금융투자교육원 웹사이트 서버가 일시적으로 다운되기도 했다. 상장 첫날부터 급등세 보인 '삼전·닉스' 단일종목 레버리지 (서울=연합뉴스) 서대연 기자 = 삼성전자와 SK하이닉스를 기초자산으로 하는 단일종목 레버리지 ETF(상장지수펀드)가 27일 상장됐다. 이날 8개 자산운용사의 삼성전자·SK하이닉스 단일종목 레버리지·인버스 상품 16종이 상장되며 급등세를 보인 가운데, 이들 상품 투자를 위해 교육을 이수해야 하는 금융투자협회 금융투자교육원 사이트가 접속 급증에 다운되기도 했다. 사진은 이날 거래되고 있는 삼성전자 단일종목 레버리지 ETF 화면. 2026.5.27 dwise@yna.co.kr 시장 자금이 삼성전자와 SK하이닉스로 쏠리는 가운데 두 종목의 시가총액이 유가증권시장에서 차지하는 비중은 이날 현재 50.4%로 사상 처음 절반을 넘어섰다. 가뜩이나 심각한 수준이던 반도체 대형주로의 시장쏠림 현상이 더욱 심화했다는 의미다. 해당 비율은 작년 말까지만 해도 34.0%에 그쳤다. 코스피가 사상 처음 7천선을 넘어선 이달 6일 이후 현재까지의 코스피 업종별 등락률을 살펴보면 시장 수익률(+18.62%)을 웃도는 상승률을 보인 업종은 전기·전자(+34.35%)와 보험(+20.72%) 등 두개 뿐이다. 이어서는 IT서비스(+9.45%), 유통(+9.00%), 운송장비·부품(+8.13%), 금융(+5.06%) 등이 올랐으나 시장 수익률에는 미치지 못했고, 나머지 업종별 지수는 모두 하락했다. 끊이지 않는 과열 우려…한국형 공포지수 다시 70선 위로 코스피는 올해 들어 지속적으로 과열 우려가 제기돼 왔다. 이란 전쟁 발발로 3월 내내 조정을 받으며 다소 부담이 완화되는 듯 했으나 이후 급등을 재개, 이달 15일에는 7천피 돌파로부터 불과 9일만에 장중 8,000선을 터치했다. 이후 미국 국채금리 급등을 빌미로 차익실현 매물이 쏟아져나오며 한때 7천선을 위협받던 코스피는 삼성전자 노사 갈등 해소와 이란 전쟁 종식 기대감, 글로벌 반도체 강세 등에 힘입어 또다시 랠리에 진입했으나, 그와 함께 증시 변동성과 과열에 대한 우려도 재차 부각되는 분위기다. '한국형 공포지수'로 불리는 코스피200 변동성 지수(VKOSPI)는 이날 3.95% 급등한 70.78로 마감했다. 지수는 한때 8.77% 오른 74.06까지 치솟기도 했다. VKOSPI는 지난 18일 장 중 82.23까지 올라 이란 전쟁 발발 직후인 올해 3월 5일(83.58) 이후 최고 수준을 나타내다가, 최근 이틀은 60대로 내려서며 다소 안정되는 분위기였는데, 또다시 고공행진을 재개한 것이다. 한지영 키움증권 연구원은 연합뉴스와의 통화에서 ""대형주 중에서도 극소수만 상승하면서 장중 코스피 지수를 4~5% 띄웠다""며 ""이건 쏠림 현상이자 과열이라고 볼 수 있다""고 말했다. 그는 ""단일종목 레버리지 출시가 변동성 확대에 확실히 기여하고 있다""며 ""그쪽으로 시장 자금이 이동하다보니 상승과 하락 종목 수도 거의 역대급으로 차이가 나고 있다""고 짚었다. 김석환 미래에셋증권 연구원도 ""코스피는 상대강도지수(RSI)와 이격도 등 모든 기술적 지표가 전세계 주요 지수들보다 높은 수준을 기록하고 있다""며 국내 증시 변동성의 이유로 '포모(FOMO·소외공포)를 느끼는 개인 투자자들의 강한 매수세'를 짚었다. 익명의 금융투자업계 관계자는 ""한국 증시가 우상향할 것이란 데는 이견이 없으나, 계속 오르기만 하는 현재의 분위기는 위험하다. 쉴 때는 쉬어가면서 올라야지 그렇지 못하면 하락시 저항선이 될 곳이 마땅치 않아진다""고 말했다. 그는 ""증시 강세를 이끄는 삼성전자와 SK하이닉스 등 반도체 대형주 실적도 이전에는 3분기 정점설이 나오다가 이제는 그보다 더 이후가 될 것이라고들 한다. 그러나 언제고 정점은 올 수밖에 없는 것 아니겠느냐""고 말했다. hwangch@yna.co.kr",https://n.news.naver.com/mnews/article/001/0016102721
"HD현대중공업, KDDX 입찰 등록...한화오션과 7.8조 사업 놓고 격돌",조선일보,신수지 기자,2026.05.27. 오후 4:51,"2년 넘게 표류한 7조8000억원 규모의 한국형 차기 구축함(KDDX) 사업을 놓고 HD현대중공업과 한화오션이 본격적인 수주 경쟁에 돌입한다. 한국형 차기구축함(KDDX) 조감도. /HD현대중공업 HD현대중공업은 28일 오전 10시 마감하는 KDDX 상세 설계 및 선도함 건조 사업 입찰 참가 등록을 완료했다고 27일 밝혔다. 지난 14일 1차 입찰은 HD현대중공업이 참가 등록을 하지 않으면서 한화오션 단독 응찰로 유찰됐다. 이번엔 HD현대중공업이 입찰 등록을 마치면서 한화오션과 경쟁 구도가 형성될 전망이다. KDDX 사업은 2030년까지 6000t(톤)급 미니 이지스함 6척 실전 배치를 목표로 하는 사업이다. 이번 입찰 대상인 상세 설계 및 선도함 건조 사업 규모는 8821억원으로, 후속함까지 포함하면 총사업비가 7조8000억원에 달한다. 해군과 방위사업청은 2010년대 초반부터 KDDX 사업을 시작해 개념·기본설계를 2023년 마무리했으며, 상세설계와 선도함 건조 사업자 선정만 남겨뒀다. 개념설계는 한화오션이, 다음 단계인 기본설계는 HD현대중공업이 진행했다. 이후 ‘상세 설계와 선도함 건조’는 통상 기본 설계 업체와 수의 계약을 하는 게 관례였다. 하지만 한화오션이 과거 HD현대중공업의 기밀 유출 사건을 문제 삼으며 경쟁 입찰 내지 양사 공동 설계를 주장했다. 논란이 커지자 방사청은 지난해 말 지명 경쟁 입찰로 진행하기로 결정했다. 한편, HD현대중공업은 이날 법원에 ‘보안감점 연장적용 금지’ 가처분 신청도 제기했다. HD현대중공업은 KDDX 관련 기밀 유출 사건으로 지난해 11월까지 보안 감점 1.8점을 받은 바 있다. HD현대중공업은 “최근 입찰에 참여한 해양정보함 기본설계 제안서에 대한 방사청의 평가 결과를 통해 보안 감점 적용이 법적 근거 없이 부당하게 연장된 것을 확인해 가처분 신청을 냈다”고 설명했다. 함정 수주전이 통상 0.1~0.2점 차이로 당락이 결정되는 만큼 보안 감점이 계속 유지될 경우 사실상 수주가 불가능하다는 판단에 따른 조치로 풀이된다.",https://n.news.naver.com/mnews/article/023/0003978746
"두산에너빌, 연일 국내외 수주 잭팟 행진",비즈워치,양미영 기자,2026.05.27. 오후 4:51,"美기업에 스팀터빈 4기 공급…북미 입지 강화 한국남부발전과 4800억 규모 가스터빈 계약도 두산에너빌리티가 국내외 시장에서 연이어 스팀터빈과 가스터빈 공급계약을 체결하며 존재감을 넓혀가고 있다. /그래픽=비즈워치 두산에너빌리티는 27일 미국 기업과 370MW급 스팀터빈과 발전기 각각 4기를 공급하는 계약을 체결했다고 밝혔다. 지난 3월 북미 지역 스팀터빈 첫 수주 이후 추가 공급계약 확보다. 스팀터빈은 가스터빈에서 발생하는 폐열을 활용해 추가 전력을 생산하는 복합발전 핵심 설비로, 에너지 효율을 높이고 전력 공급의 안정성을 확보하는 데 기여한다. 이번 물량은 2029년까지 미국 텍사스 지역에 순차적으로 공급될 예정으로 북미 시장에서 경쟁력을 다시 한번 확인했다는 평가다. 앞서 두산에너빌은 전날(26일)에도 한국남부발전과 가스터빈 장기 서비스 계약을 체결했다고 밝혔다. 총 4800억원 규모로 주기기 공급에 이어 서비스 계약을 연이어 확보했다는 점에서 의미가 깊다. 두산에너빌은 지난주 한국남부발전이 추진하는 고양창릉열병합발전소와 하동복합발전소의 가스터빈 3기에 대한 장기 부품조달계약(LTPM)을 체결했다. 이번 계약은 지난 2월 체결한 가스터빈 공급계약과 연계된 사업으로 두 발전소 모두 2029년 12월 상업운전을 목표로 한다. 계약 기간은 상업운전 이후 주요 정비 주기를 기준으로 통상 10년 이상의 기간이 적용된다.",https://n.news.naver.com/mnews/article/648/0000047487
"마곡센터 직원 2명 흉기 피습…LG전자, 수사 결과에 '촉각'",더팩트,이성락 기자,2026.05.27. 오후 4:51,"사건 경위 밝혀지지 않아…""수사 단계 지켜보는 중"" 27일 서울 강서구 LG전자 마곡센터에서 흉기 피습 사건이 발생했다. /더팩트 DB [더팩트ㅣ이성락 기자] LG전자 마곡센터에서 직원 2명이 흉기에 부상을 입는 사건이 발생해 회사가 촉각을 곤두세우고 있다. LG전자는 27일 서울 강서구 마곡센터에서 협력업체 60대 남성 직원이 임직원 2명에게 흉기를 휘두른 사건에 대해 ""수사 단계를 지켜보고 있다""고 밝혔다. 앞서 이날 오전 11시 18분쯤 마곡센터 건물 2층에서 50대 남성 A 씨와 40대 남성 B 씨가 흉기에 찔려 쓰러져 있다는 신고가 접수됐다. 두 사람 모두 LG전자 직원이다. 이후 경찰은 오전 11시 58분쯤 협력업체 직원인 피의자 C 씨를 디지털미디어시티역에서 긴급 체포했다. C 씨는 마곡센터에서 약 2년간 근무했으며, 피해자들로부터 괴롭힘을 당했다고 주장하는 것으로 알려졌다. 다만 구체적인 사건 경위는 아직 밝혀지지 않은 상태다. LG전자는 상황을 예의주시하며 경찰 조사에 최대한 협조한다는 방침이다. 업무적인 갈등이 있었을 가능성도 고려해 자체적으로 사실관계를 확인할 것으로 보인다. 발로 뛰는 더팩트는 24시간 여러분의 제보를 기다립니다. ▶카카오톡: '더팩트제보' 검색 ▶이메일: jebo@tf.co.kr ▶뉴스 홈페이지: http://talk.tf.co.kr/bbs/report/write",https://n.news.naver.com/mnews/article/629/0000502697
